-- phpMyAdmin SQL Dump
-- version 4.8.2
-- https://www.phpmyadmin.net/
--
-- Host: 127.0.0.1
-- Generation Time: Jan 10, 2020 at 11:39 PM
-- Server version: 10.1.34-MariaDB
-- PHP Version: 7.2.7

SET SQL_MODE = "NO_AUTO_VALUE_ON_ZERO";
SET AUTOCOMMIT = 0;
START TRANSACTION;
SET time_zone = "+00:00";


/*!40101 SET @OLD_CHARACTER_SET_CLIENT=@@CHARACTER_SET_CLIENT */;
/*!40101 SET @OLD_CHARACTER_SET_RESULTS=@@CHARACTER_SET_RESULTS */;
/*!40101 SET @OLD_COLLATION_CONNECTION=@@COLLATION_CONNECTION */;
/*!40101 SET NAMES utf8mb4 */;

--
-- Database: `penjualan2`
--

-- --------------------------------------------------------

--
-- Table structure for table `categories`
--

CREATE TABLE `categories` (
  `id` int(10) UNSIGNED NOT NULL,
  `name` varchar(191) COLLATE utf8mb4_unicode_ci NOT NULL,
  `image` varchar(191) COLLATE utf8mb4_unicode_ci NOT NULL COMMENT 'berisi nama file image saja tanpapath',
  `created_by` int(11) NOT NULL,
  `updated_by` int(11) DEFAULT NULL,
  `deleted_by` int(11) DEFAULT NULL,
  `deleted_at` timestamp NULL DEFAULT NULL,
  `created_at` timestamp NULL DEFAULT NULL,
  `updated_at` timestamp NULL DEFAULT NULL
) ENGINE=InnoDB DEFAULT CHARSET=utf8mb4 COLLATE=utf8mb4_unicode_ci;

--
-- Dumping data for table `categories`
--

INSERT INTO `categories` (`id`, `name`, `image`, `created_by`, `updated_by`, `deleted_by`, `deleted_at`, `created_at`, `updated_at`) VALUES
(1, 'Atta', 'category_images/xg1l3HDXasCbCL52YLKUDjcomgZVC2Cps1nvQtCE.jpeg', 1, 1, NULL, NULL, '2019-12-23 21:55:49', '2019-12-23 21:57:11'),
(3, 'Rattan', 'category_images/7uPzq0yvVjeE1JqH8Glhz9jsxfvJaDQQppVfhqOF.jpeg', 1, 1, NULL, NULL, '2019-12-24 00:41:04', '2019-12-24 00:41:44'),
(4, 'Rattan Sintetis', 'category_images/0NvDOODAMxA3kAvk6KBwmWEv8NWwh16BkvzgUWDA.jpeg', 1, NULL, NULL, NULL, '2019-12-24 00:41:36', '2019-12-24 00:41:36');

-- --------------------------------------------------------

--
-- Table structure for table `customers`
--

CREATE TABLE `customers` (
  `id` int(10) UNSIGNED NOT NULL,
  `nama` varchar(191) COLLATE utf8mb4_unicode_ci NOT NULL,
  `email` varchar(191) COLLATE utf8mb4_unicode_ci NOT NULL,
  `perusahaan` varchar(191) COLLATE utf8mb4_unicode_ci NOT NULL,
  `phone` varchar(191) COLLATE utf8mb4_unicode_ci NOT NULL,
  `address` text COLLATE utf8mb4_unicode_ci NOT NULL,
  `avatar` varchar(191) COLLATE utf8mb4_unicode_ci NOT NULL,
  `status` enum('ACTIVE','INACTIVE') COLLATE utf8mb4_unicode_ci NOT NULL,
  `created_at` timestamp NULL DEFAULT NULL,
  `updated_at` timestamp NULL DEFAULT NULL
) ENGINE=InnoDB DEFAULT CHARSET=utf8mb4 COLLATE=utf8mb4_unicode_ci;

--
-- Dumping data for table `customers`
--

INSERT INTO `customers` (`id`, `nama`, `email`, `perusahaan`, `phone`, `address`, `avatar`, `status`, `created_at`, `updated_at`) VALUES
(1, 'Maria', 'Maria@gmail.com', 'Marimar corp', '0217802361', 'Jl. Taman Margasatwa No. 12, Warung Buncit, Jakarta Selatan', 'avatars/3Vm3se3quFbtdBQOtng1FAxOEcgWui5TDaEijleA.jpeg', 'ACTIVE', '2019-12-23 22:43:37', '2019-12-23 22:43:37'),
(2, 'Yulia', 'Yulia@gmail.com', 'Amari corp', '0218311312', 'JL. Tebet Raya No. 84, Tebet, Jakarta Selatan', 'avatars/ELLiaWc6R0R9ciYyP2tp4C3oMautqRlY7XNN9nhH.jpeg', 'ACTIVE', '2019-12-23 22:45:29', '2019-12-23 22:45:29'),
(3, 'Yuma', 'Yuma@gmail.com', 'Yumayu corp', '0218311311', 'Jl. Metro Pondok Indah Kav. IV, Kebayoran Lama, Jakarta Selatan', 'avatars/RuqYAyelIxrwr9m8dxkOFotZ4m1zGQ9apTFNCsFe.jpeg', 'ACTIVE', '2019-12-23 22:46:38', '2019-12-23 22:46:38'),
(4, 'Anastasia', 'Anastasia@gmail.com', 'Anasta corp', '089555221321', 'Jl. KH. Agus Salim No. 29A Jakarta Pusat', 'avatars/GUxBcueOOWMTjMsOLYOA3ix8GEf4Ii97BCVvIjlD.jpeg', 'ACTIVE', '2019-12-23 22:47:41', '2019-12-23 22:47:41'),
(5, 'Lutvi', 'Lutvi@gmail.com', 'RSA corp', '089561880221', 'Jl. Hos Cokroaminoto, No. 84, Menteng Jakarta Pusat', 'avatars/SeVp5KuEkmb4ZMUbE5b3G0lILKHnp9y23uBrQzS0.jpeg', 'ACTIVE', '2019-12-23 22:48:55', '2019-12-23 22:48:55'),
(6, 'Yudi', 'Yudi@gmail.com', 'YDA Bakery corp', '021-31935668', 'Jl. Ahmad Dahlan/ Jl. Bacang I No.2 Jakarta Selatan', 'avatars/6zlsvgtMcdRgLH0ZpNI1D9CV98htPeFEmJaEsrJC.jpeg', 'ACTIVE', '2019-12-23 22:50:42', '2019-12-23 22:50:42'),
(7, 'Gufron', 'gufron@gmail.com', 'Mawar gold corp', '0217202214', 'Jl. Benda No. 20D, Kemang Jakarta Selatan', 'avatars/MqQ96xOM4IjtZEKAm948okz18EfjPZD6n1pHMAqy.jpeg', 'ACTIVE', '2019-12-23 22:52:05', '2019-12-23 22:52:05'),
(8, 'Dika', 'dika@gmail.com', 'dekapoer corp', '081616841555', 'Jl. Alam Segar 3 No. 8, Pondok Indah Jakarta Selatan', 'avatars/nBFQJzzwObPFtmNqM7n44FKo2ja71Xcrff6ennNy.jpeg', 'ACTIVE', '2019-12-23 22:53:12', '2019-12-23 22:53:12'),
(9, 'Nugraha', 'Nugraha@gmail.com', 'MYN fashion corp', '089554220110', 'Jl. Arya Putra, Kedaung Ciputat Tangerang', 'avatars/J7QWGFDQ16u2qU0uc449TjjuDOAGQ5JBcTgnoszr.jpeg', 'ACTIVE', '2019-12-23 22:56:36', '2019-12-23 22:56:36'),
(10, 'Max', 'Max@gmail.com', 'Max car corp', '0218022544', 'jl.narakesuma,denpasar,bali', 'avatars/l8vKc48ufLBeRCOm6ZcTProj2tEk9boPduDhfNQS.jpeg', 'ACTIVE', '2019-12-23 23:13:08', '2019-12-23 23:13:08'),
(11, 'Elsa', 'elsa@gmail.com', 'frozen corp', '021333564', 'Jl Benesari Don CV Sidoi Denpasar', 'avatars/jd1uURkZRqoLoBJG6a6VWQ30au2BWvVW7eZYDfF6.jpeg', 'ACTIVE', '2019-12-24 00:33:18', '2019-12-24 00:33:18'),
(12, 'Hilda', 'hilda@gmail.com', 'hildonut corp', '08554741455', 'Jl D Tamblingan 81 Denpasar', 'avatars/x8M4loPEXT3PGu0WQ1UdBJGNRswfnyFmN91avpVy.jpeg', 'ACTIVE', '2019-12-24 00:34:19', '2019-12-24 00:34:19'),
(13, 'Arie', 'arie@gmail.com', 'arie ford corp', '0213565441', 'Jl Pratama Street 79-A Denpasar', 'avatars/lNLTy2d7ev8QvK6QrMMgowPNAGV0IPHRSbcTbMTj.jpeg', 'ACTIVE', '2019-12-24 00:35:07', '2019-12-24 00:35:07'),
(14, 'Baiha', 'baiha@gmail.com', 'baiha baby corp', '08774546641', 'Br Basang Kasa Denpasar', 'avatars/F6YGuPeOu7bHnw8l4DsIu6H3ELErT2sNj7BuN88e.jpeg', 'ACTIVE', '2019-12-24 00:35:59', '2019-12-24 00:35:59'),
(15, 'Aldi', 'aldi@gmail.com', 'aldie corp', '021356477', 'Jl By Pass Ngurah Rai Nusa Dua Denpasar', 'avatars/QiLzLm0ejra8DJyrboePCYdg1D6qEIiGusGr4FMT.jpeg', 'ACTIVE', '2019-12-24 00:36:36', '2019-12-24 00:36:36'),
(16, 'aniera', 'aniera@gmail.com', 'aninu corp', '08221456354', 'Jl Uluwatu II 55-X Denpasar', 'avatars/e5eqn4jaI12NmyF28TxYzFRhLVOs4R6C82aizWkB.jpeg', 'ACTIVE', '2019-12-24 00:37:24', '2019-12-24 00:37:24'),
(17, 'Maya', 'maya@gmail.com', 'mayaiy', '0216523214', 'Jl D Tamblingan 12-X Denpasar', 'avatars/zSyRQ1uTj4XVgpVG1KmOnVh1MbhHNs3DVjMys9b2.jpeg', 'ACTIVE', '2019-12-24 00:38:04', '2019-12-24 00:38:04'),
(18, 'Muhamad', 'muhamad@gmail.com', 'maha gallery corp', '021468955', 'Jl Sesetan 286 C Denpasar', 'avatars/Yxd98kZYGb1N6b8LBmY9rCoqVPhyMroLjMknttlp.jpeg', 'ACTIVE', '2019-12-24 00:39:01', '2019-12-24 00:39:01'),
(19, 'gunan', 'gunan@gmail.com', 'gunan corp', '082245632111', 'Jl Tuban 17 Denpasar', 'avatars/oyLBeerN4aijD0Ek2sM0SeXOvyQci8VoZB4eVmqh.jpeg', 'ACTIVE', '2019-12-24 00:39:51', '2019-12-24 00:39:51');

-- --------------------------------------------------------

--
-- Table structure for table `migrations`
--

CREATE TABLE `migrations` (
  `id` int(10) UNSIGNED NOT NULL,
  `migration` varchar(191) COLLATE utf8mb4_unicode_ci NOT NULL,
  `batch` int(11) NOT NULL
) ENGINE=InnoDB DEFAULT CHARSET=utf8mb4 COLLATE=utf8mb4_unicode_ci;

--
-- Dumping data for table `migrations`
--

INSERT INTO `migrations` (`id`, `migration`, `batch`) VALUES
(1, '2014_10_12_000000_create_users_table', 1),
(2, '2014_10_12_100000_create_password_resets_table', 1),
(3, '2019_09_11_020957_penyesuaian_table_users', 1),
(4, '2019_09_28_053110_create_customers_table', 1),
(5, '2019_09_28_053546_create_suppliers_table', 1),
(6, '2019_11_02_071218_create_categories_table', 1),
(7, '2019_11_05_071920_create_products_table', 1),
(8, '2019_11_05_071931_create_stocks_table', 1),
(9, '2019_11_25_010129_create_penjualans_table', 1),
(10, '2019_12_08_060822_create_penjualan_product_table', 1),
(11, '2019_12_16_161654_create_pembelians_table', 1),
(12, '2019_12_16_161719_create_pembelian_product_table', 1),
(13, '2019_12_24_094615_create_penjualans_table', 2),
(14, '2019_12_24_095051_create_penjualan_product_table', 3);

-- --------------------------------------------------------

--
-- Table structure for table `password_resets`
--

CREATE TABLE `password_resets` (
  `email` varchar(191) COLLATE utf8mb4_unicode_ci NOT NULL,
  `token` varchar(191) COLLATE utf8mb4_unicode_ci NOT NULL,
  `created_at` timestamp NULL DEFAULT NULL
) ENGINE=InnoDB DEFAULT CHARSET=utf8mb4 COLLATE=utf8mb4_unicode_ci;

-- --------------------------------------------------------

--
-- Table structure for table `pembelians`
--

CREATE TABLE `pembelians` (
  `id` int(10) UNSIGNED NOT NULL,
  `tanggal_transaksi` date NOT NULL,
  `supplier_id` int(10) UNSIGNED NOT NULL,
  `invoice_number` varchar(191) COLLATE utf8mb4_unicode_ci NOT NULL,
  `total_harga` int(11) NOT NULL,
  `status` enum('PROCESS','FINISH','CANCEL') COLLATE utf8mb4_unicode_ci NOT NULL,
  `created_by` bigint(20) UNSIGNED NOT NULL,
  `updated_by` bigint(20) DEFAULT NULL,
  `created_at` timestamp NULL DEFAULT NULL,
  `updated_at` timestamp NULL DEFAULT NULL
) ENGINE=InnoDB DEFAULT CHARSET=utf8mb4 COLLATE=utf8mb4_unicode_ci;

--
-- Dumping data for table `pembelians`
--

INSERT INTO `pembelians` (`id`, `tanggal_transaksi`, `supplier_id`, `invoice_number`, `total_harga`, `status`, `created_by`, `updated_by`, `created_at`, `updated_at`) VALUES
(6, '2017-01-01', 1, '3001', 7000000, 'FINISH', 1, 1, '2019-12-24 04:44:26', '2019-12-24 05:14:27'),
(7, '2017-02-01', 2, '3002', 16000000, 'FINISH', 1, 1, '2019-12-24 04:57:41', '2019-12-24 05:15:35'),
(8, '2017-03-01', 4, '3003', 23500000, 'FINISH', 1, 1, '2019-12-24 05:00:07', '2019-12-24 05:15:42'),
(10, '2017-04-01', 4, '3004', 8000000, 'FINISH', 1, 1, '2019-12-24 05:06:08', '2019-12-24 05:15:51'),
(11, '2017-05-01', 5, '3005', 34000000, 'FINISH', 1, 1, '2019-12-24 05:13:37', '2019-12-24 05:15:57'),
(12, '2017-08-01', 7, '3006', 13000000, 'FINISH', 1, 1, '2019-12-24 05:14:17', '2019-12-24 05:16:04'),
(13, '2017-07-04', 4, '3007', 10500000, 'FINISH', 1, NULL, '2019-12-24 05:41:01', '2019-12-24 05:41:01'),
(14, '2018-01-03', 5, '3008', 23000000, 'FINISH', 1, NULL, '2019-12-24 05:56:11', '2019-12-24 05:56:11'),
(15, '2018-01-08', 3, '3009', 16500000, 'FINISH', 1, NULL, '2019-12-24 05:56:38', '2019-12-24 05:56:39'),
(16, '2018-02-08', 1, '3010', 25000000, 'FINISH', 1, NULL, '2019-12-24 05:58:02', '2019-12-24 05:58:02'),
(17, '2018-03-03', 2, '3011', 37000000, 'FINISH', 1, NULL, '2019-12-24 05:58:52', '2019-12-24 05:58:52'),
(18, '2018-04-01', 1, '3012', 7000000, 'FINISH', 1, NULL, '2019-12-24 06:12:04', '2019-12-24 06:12:04'),
(19, '2018-09-03', 2, '3013', 12500000, 'FINISH', 1, NULL, '2019-12-24 06:12:51', '2019-12-24 06:12:51'),
(20, '2018-10-02', 4, '3014', 3750000, 'FINISH', 1, NULL, '2019-12-24 06:13:15', '2019-12-24 06:13:15'),
(21, '2018-09-04', 5, '3015', 8400000, 'FINISH', 1, NULL, '2019-12-24 06:14:27', '2019-12-24 06:14:28'),
(22, '2018-10-03', 6, '3016', 4500000, 'FINISH', 1, NULL, '2019-12-24 06:15:04', '2019-12-24 06:15:04'),
(23, '2018-11-01', 7, '3017', 5000000, 'FINISH', 1, NULL, '2019-12-24 06:15:35', '2019-12-24 06:15:35'),
(24, '2018-12-01', 3, '3018', 4200000, 'FINISH', 1, NULL, '2019-12-24 06:15:54', '2019-12-24 06:15:54'),
(25, '2019-01-01', 7, '3019', 28000000, 'FINISH', 1, NULL, '2019-12-24 07:50:16', '2019-12-24 07:50:16'),
(26, '2019-02-07', 6, '3020', 20900000, 'FINISH', 1, NULL, '2019-12-24 07:51:28', '2019-12-24 07:51:28'),
(27, '2019-03-11', 4, '3021', 8700000, 'FINISH', 1, NULL, '2019-12-24 07:52:11', '2019-12-24 07:52:11'),
(28, '2019-01-08', 3, '3022', 6300000, 'FINISH', 1, NULL, '2019-12-24 07:52:33', '2019-12-24 07:52:33'),
(29, '2019-02-05', 3, '3023', 6025000, 'FINISH', 1, NULL, '2019-12-24 07:53:02', '2019-12-24 07:53:02'),
(30, '2019-04-01', 2, '3024', 4600000, 'FINISH', 1, NULL, '2019-12-24 07:53:41', '2019-12-24 07:53:41'),
(31, '2019-04-17', 2, '3025', 7650000, 'FINISH', 1, NULL, '2019-12-24 07:54:01', '2019-12-24 07:54:01'),
(32, '2019-05-05', 3, '3026', 7650000, 'FINISH', 1, NULL, '2019-12-24 07:54:38', '2019-12-24 07:54:38'),
(33, '2019-06-04', 1, '3027', 11500000, 'FINISH', 1, NULL, '2019-12-24 08:08:04', '2019-12-24 08:08:04'),
(34, '2019-06-11', 7, '3028', 11500000, 'FINISH', 1, NULL, '2019-12-24 08:08:23', '2019-12-24 08:08:23'),
(35, '2019-06-20', 5, '3029', 15450000, 'FINISH', 1, NULL, '2019-12-24 08:09:07', '2019-12-24 08:09:08'),
(36, '2018-07-01', 5, '3030', 7550000, 'FINISH', 1, NULL, '2019-12-24 08:10:03', '2019-12-24 08:10:03'),
(37, '2019-07-02', 4, '3031', 9000000, 'FINISH', 1, NULL, '2019-12-24 08:10:57', '2019-12-24 08:10:58'),
(38, '2019-08-20', 3, '3032', 7925000, 'FINISH', 1, NULL, '2019-12-24 08:11:22', '2019-12-24 08:11:22'),
(39, '2019-08-02', 3, '3033', 3600000, 'FINISH', 1, NULL, '2019-12-24 08:11:40', '2019-12-24 08:11:40'),
(40, '2019-09-10', 2, '3034', 6300000, 'FINISH', 1, NULL, '2019-12-24 08:12:17', '2019-12-24 08:12:17'),
(41, '2019-09-18', 7, '3035', 14100000, 'FINISH', 1, NULL, '2019-12-24 09:48:38', '2019-12-24 09:48:38'),
(42, '2019-10-01', 2, '3036', 11850000, 'FINISH', 1, NULL, '2019-12-24 09:49:11', '2019-12-24 09:49:11'),
(43, '2019-10-01', 2, '3037', 7200000, 'FINISH', 1, NULL, '2019-12-24 09:50:08', '2019-12-24 09:50:09'),
(44, '2019-10-01', 1, '3038', 7900000, 'FINISH', 1, NULL, '2019-12-24 09:50:43', '2019-12-24 09:50:43'),
(45, '2019-10-10', 5, '3039', 3850000, 'FINISH', 1, NULL, '2019-12-24 09:51:19', '2019-12-24 09:51:20'),
(46, '2019-11-01', 2, '3040', 9835000, 'FINISH', 1, NULL, '2019-12-24 09:51:42', '2019-12-24 09:51:42'),
(47, '2019-10-23', 5, '3041', 5000000, 'FINISH', 1, NULL, '2019-12-24 09:53:07', '2019-12-24 09:53:07'),
(48, '2019-10-27', 7, '3042', 10010000, 'FINISH', 1, NULL, '2019-12-24 09:53:29', '2019-12-24 09:53:30'),
(49, '2019-11-01', 5, '3043', 15300000, 'FINISH', 1, NULL, '2019-12-24 10:00:38', '2019-12-24 10:00:38'),
(50, '2019-12-02', 3, '3044', 6000000, 'FINISH', 1, NULL, '2019-12-24 10:01:30', '2019-12-24 10:01:30'),
(51, '2019-12-25', 2, '3045', 7900000, 'FINISH', 1, NULL, '2019-12-24 10:07:27', '2019-12-24 10:07:28'),
(52, '2019-12-24', 3, '3046', 6800000, 'FINISH', 1, NULL, '2019-12-24 10:07:52', '2019-12-24 10:07:52'),
(53, '2019-12-23', 4, '3047', 7350000, 'FINISH', 1, NULL, '2019-12-24 10:08:22', '2019-12-24 10:08:22'),
(54, '2019-12-25', 1, '3048', 5750000, 'FINISH', 1, NULL, '2019-12-24 10:13:29', '2019-12-24 10:13:29'),
(55, '2020-01-01', 4, '3049', 6400000, 'FINISH', 1, NULL, '2020-01-10 03:05:52', '2020-01-10 03:05:53'),
(56, '2020-01-06', 5, '3050', 6500000, 'FINISH', 1, NULL, '2020-01-10 05:41:01', '2020-01-10 05:41:01');

-- --------------------------------------------------------

--
-- Table structure for table `pembelian_product`
--

CREATE TABLE `pembelian_product` (
  `pembelian_id` int(10) UNSIGNED NOT NULL,
  `product_id` int(10) UNSIGNED NOT NULL,
  `qty` int(11) NOT NULL,
  `harga_beli` int(11) NOT NULL,
  `created_at` timestamp NULL DEFAULT NULL,
  `updated_at` timestamp NULL DEFAULT NULL
) ENGINE=InnoDB DEFAULT CHARSET=utf8mb4 COLLATE=utf8mb4_unicode_ci;

--
-- Dumping data for table `pembelian_product`
--

INSERT INTO `pembelian_product` (`pembelian_id`, `product_id`, `qty`, `harga_beli`, `created_at`, `updated_at`) VALUES
(6, 1, 100, 70000, '2019-12-24 05:14:27', '2019-12-24 05:14:27'),
(7, 2, 100, 70000, '2019-12-24 05:15:35', '2019-12-24 05:15:35'),
(7, 3, 100, 90000, '2019-12-24 05:15:35', '2019-12-24 05:15:35'),
(8, 4, 100, 90000, '2019-12-24 05:15:42', '2019-12-24 05:15:42'),
(8, 5, 100, 75000, '2019-12-24 05:15:42', '2019-12-24 05:15:42'),
(8, 6, 100, 70000, '2019-12-24 05:15:42', '2019-12-24 05:15:42'),
(10, 7, 100, 80000, '2019-12-24 05:15:51', '2019-12-24 05:15:51'),
(11, 8, 100, 90000, '2019-12-24 05:15:57', '2019-12-24 05:15:57'),
(11, 9, 100, 100000, '2019-12-24 05:15:57', '2019-12-24 05:15:57'),
(11, 10, 100, 90000, '2019-12-24 05:15:57', '2019-12-24 05:15:57'),
(11, 11, 100, 60000, '2019-12-24 05:15:57', '2019-12-24 05:15:57'),
(12, 12, 100, 130000, '2019-12-24 05:16:04', '2019-12-24 05:16:04'),
(13, 1, 150, 70000, '2019-12-24 05:41:01', '2019-12-24 05:41:01'),
(14, 1, 100, 70000, '2019-12-24 05:56:11', '2019-12-24 05:56:11'),
(14, 2, 100, 70000, '2019-12-24 05:56:11', '2019-12-24 05:56:11'),
(14, 3, 100, 90000, '2019-12-24 05:56:11', '2019-12-24 05:56:11'),
(15, 4, 100, 90000, '2019-12-24 05:56:38', '2019-12-24 05:56:38'),
(15, 5, 100, 75000, '2019-12-24 05:56:39', '2019-12-24 05:56:39'),
(16, 6, 100, 70000, '2019-12-24 05:58:02', '2019-12-24 05:58:02'),
(16, 8, 100, 90000, '2019-12-24 05:58:02', '2019-12-24 05:58:02'),
(16, 10, 100, 90000, '2019-12-24 05:58:02', '2019-12-24 05:58:02'),
(17, 7, 100, 80000, '2019-12-24 05:58:52', '2019-12-24 05:58:52'),
(17, 9, 100, 100000, '2019-12-24 05:58:52', '2019-12-24 05:58:52'),
(17, 11, 100, 60000, '2019-12-24 05:58:52', '2019-12-24 05:58:52'),
(17, 12, 100, 130000, '2019-12-24 05:58:52', '2019-12-24 05:58:52'),
(18, 1, 50, 70000, '2019-12-24 06:12:04', '2019-12-24 06:12:04'),
(18, 2, 50, 70000, '2019-12-24 06:12:04', '2019-12-24 06:12:04'),
(19, 3, 50, 90000, '2019-12-24 06:12:51', '2019-12-24 06:12:51'),
(19, 4, 50, 90000, '2019-12-24 06:12:51', '2019-12-24 06:12:51'),
(19, 6, 50, 70000, '2019-12-24 06:12:51', '2019-12-24 06:12:51'),
(20, 5, 50, 75000, '2019-12-24 06:13:15', '2019-12-24 06:13:15'),
(21, 10, 30, 90000, '2019-12-24 06:14:27', '2019-12-24 06:14:27'),
(21, 11, 30, 60000, '2019-12-24 06:14:28', '2019-12-24 06:14:28'),
(21, 12, 30, 130000, '2019-12-24 06:14:27', '2019-12-24 06:14:27'),
(22, 8, 30, 90000, '2019-12-24 06:15:04', '2019-12-24 06:15:04'),
(22, 11, 30, 60000, '2019-12-24 06:15:04', '2019-12-24 06:15:04'),
(23, 9, 50, 100000, '2019-12-24 06:15:35', '2019-12-24 06:15:35'),
(24, 1, 30, 70000, '2019-12-24 06:15:54', '2019-12-24 06:15:54'),
(24, 2, 30, 70000, '2019-12-24 06:15:54', '2019-12-24 06:15:54'),
(25, 10, 100, 90000, '2019-12-24 07:50:16', '2019-12-24 07:50:16'),
(25, 11, 100, 60000, '2019-12-24 07:50:16', '2019-12-24 07:50:16'),
(25, 12, 100, 130000, '2019-12-24 07:50:16', '2019-12-24 07:50:16'),
(26, 7, 80, 80000, '2019-12-24 07:51:28', '2019-12-24 07:51:28'),
(26, 8, 50, 90000, '2019-12-24 07:51:28', '2019-12-24 07:51:28'),
(26, 9, 100, 100000, '2019-12-24 07:51:28', '2019-12-24 07:51:28'),
(27, 4, 25, 90000, '2019-12-24 07:52:11', '2019-12-24 07:52:11'),
(27, 5, 30, 75000, '2019-12-24 07:52:11', '2019-12-24 07:52:11'),
(27, 6, 60, 70000, '2019-12-24 07:52:11', '2019-12-24 07:52:11'),
(28, 1, 25, 70000, '2019-12-24 07:52:33', '2019-12-24 07:52:33'),
(28, 2, 20, 70000, '2019-12-24 07:52:33', '2019-12-24 07:52:33'),
(28, 3, 35, 90000, '2019-12-24 07:52:33', '2019-12-24 07:52:33'),
(29, 3, 20, 90000, '2019-12-24 07:53:02', '2019-12-24 07:53:02'),
(29, 5, 35, 75000, '2019-12-24 07:53:02', '2019-12-24 07:53:02'),
(29, 7, 20, 80000, '2019-12-24 07:53:02', '2019-12-24 07:53:02'),
(30, 1, 20, 70000, '2019-12-24 07:53:41', '2019-12-24 07:53:41'),
(30, 2, 20, 70000, '2019-12-24 07:53:41', '2019-12-24 07:53:41'),
(30, 3, 20, 90000, '2019-12-24 07:53:41', '2019-12-24 07:53:41'),
(31, 1, 30, 70000, '2019-12-24 07:54:01', '2019-12-24 07:54:01'),
(31, 5, 50, 75000, '2019-12-24 07:54:01', '2019-12-24 07:54:01'),
(31, 8, 20, 90000, '2019-12-24 07:54:01', '2019-12-24 07:54:01'),
(32, 7, 30, 80000, '2019-12-24 07:54:38', '2019-12-24 07:54:38'),
(32, 10, 25, 90000, '2019-12-24 07:54:38', '2019-12-24 07:54:38'),
(32, 11, 50, 60000, '2019-12-24 07:54:38', '2019-12-24 07:54:38'),
(33, 1, 50, 70000, '2019-12-24 08:08:04', '2019-12-24 08:08:04'),
(33, 2, 50, 70000, '2019-12-24 08:08:04', '2019-12-24 08:08:04'),
(33, 3, 50, 90000, '2019-12-24 08:08:04', '2019-12-24 08:08:04'),
(34, 1, 50, 70000, '2019-12-24 08:08:23', '2019-12-24 08:08:23'),
(34, 2, 50, 70000, '2019-12-24 08:08:23', '2019-12-24 08:08:23'),
(34, 3, 50, 90000, '2019-12-24 08:08:23', '2019-12-24 08:08:23'),
(35, 4, 50, 90000, '2019-12-24 08:09:07', '2019-12-24 08:09:07'),
(35, 5, 50, 75000, '2019-12-24 08:09:07', '2019-12-24 08:09:07'),
(35, 8, 80, 90000, '2019-12-24 08:09:07', '2019-12-24 08:09:07'),
(36, 8, 20, 90000, '2019-12-24 08:10:03', '2019-12-24 08:10:03'),
(36, 10, 25, 90000, '2019-12-24 08:10:03', '2019-12-24 08:10:03'),
(36, 11, 15, 60000, '2019-12-24 08:10:03', '2019-12-24 08:10:03'),
(36, 12, 20, 130000, '2019-12-24 08:10:03', '2019-12-24 08:10:03'),
(37, 8, 10, 90000, '2019-12-24 08:10:58', '2019-12-24 08:10:58'),
(37, 9, 20, 100000, '2019-12-24 08:10:58', '2019-12-24 08:10:58'),
(37, 10, 25, 90000, '2019-12-24 08:10:57', '2019-12-24 08:10:57'),
(37, 11, 10, 60000, '2019-12-24 08:10:57', '2019-12-24 08:10:57'),
(37, 12, 25, 130000, '2019-12-24 08:10:57', '2019-12-24 08:10:57'),
(38, 4, 20, 90000, '2019-12-24 08:11:22', '2019-12-24 08:11:22'),
(38, 5, 35, 75000, '2019-12-24 08:11:22', '2019-12-24 08:11:22'),
(38, 6, 50, 70000, '2019-12-24 08:11:22', '2019-12-24 08:11:22'),
(39, 3, 20, 90000, '2019-12-24 08:11:40', '2019-12-24 08:11:40'),
(39, 10, 20, 90000, '2019-12-24 08:11:40', '2019-12-24 08:11:40'),
(40, 9, 45, 100000, '2019-12-24 08:12:17', '2019-12-24 08:12:17'),
(40, 10, 20, 90000, '2019-12-24 08:12:17', '2019-12-24 08:12:17'),
(41, 8, 30, 90000, '2019-12-24 09:48:38', '2019-12-24 09:48:38'),
(41, 9, 30, 100000, '2019-12-24 09:48:38', '2019-12-24 09:48:38'),
(41, 10, 30, 90000, '2019-12-24 09:48:38', '2019-12-24 09:48:38'),
(41, 11, 30, 60000, '2019-12-24 09:48:38', '2019-12-24 09:48:38'),
(41, 12, 30, 130000, '2019-12-24 09:48:38', '2019-12-24 09:48:38'),
(42, 1, 30, 70000, '2019-12-24 09:49:11', '2019-12-24 09:49:11'),
(42, 2, 30, 70000, '2019-12-24 09:49:11', '2019-12-24 09:49:11'),
(42, 3, 30, 90000, '2019-12-24 09:49:11', '2019-12-24 09:49:11'),
(42, 4, 30, 90000, '2019-12-24 09:49:11', '2019-12-24 09:49:11'),
(42, 5, 30, 75000, '2019-12-24 09:49:11', '2019-12-24 09:49:11'),
(43, 6, 30, 70000, '2019-12-24 09:50:08', '2019-12-24 09:50:08'),
(43, 7, 30, 80000, '2019-12-24 09:50:08', '2019-12-24 09:50:08'),
(43, 8, 30, 90000, '2019-12-24 09:50:09', '2019-12-24 09:50:09'),
(44, 1, 20, 70000, '2019-12-24 09:50:43', '2019-12-24 09:50:43'),
(44, 2, 20, 70000, '2019-12-24 09:50:43', '2019-12-24 09:50:43'),
(44, 3, 20, 90000, '2019-12-24 09:50:43', '2019-12-24 09:50:43'),
(44, 4, 20, 90000, '2019-12-24 09:50:43', '2019-12-24 09:50:43'),
(44, 5, 20, 75000, '2019-12-24 09:50:43', '2019-12-24 09:50:43'),
(45, 7, 20, 80000, '2019-12-24 09:51:19', '2019-12-24 09:51:19'),
(45, 8, 25, 90000, '2019-12-24 09:51:20', '2019-12-24 09:51:20'),
(46, 1, 51, 70000, '2019-12-24 09:51:42', '2019-12-24 09:51:42'),
(46, 2, 52, 70000, '2019-12-24 09:51:42', '2019-12-24 09:51:42'),
(46, 5, 35, 75000, '2019-12-24 09:51:42', '2019-12-24 09:51:42'),
(47, 9, 50, 100000, '2019-12-24 09:53:07', '2019-12-24 09:53:07'),
(48, 10, 38, 90000, '2019-12-24 09:53:30', '2019-12-24 09:53:30'),
(48, 11, 34, 60000, '2019-12-24 09:53:30', '2019-12-24 09:53:30'),
(48, 12, 35, 130000, '2019-12-24 09:53:29', '2019-12-24 09:53:29'),
(49, 1, 50, 70000, '2019-12-24 10:00:38', '2019-12-24 10:00:38'),
(49, 2, 50, 70000, '2019-12-24 10:00:38', '2019-12-24 10:00:38'),
(49, 3, 50, 90000, '2019-12-24 10:00:38', '2019-12-24 10:00:38'),
(49, 11, 20, 60000, '2019-12-24 10:00:38', '2019-12-24 10:00:38'),
(49, 12, 20, 130000, '2019-12-24 10:00:38', '2019-12-24 10:00:38'),
(50, 5, 80, 75000, '2019-12-24 10:01:30', '2019-12-24 10:01:30'),
(51, 1, 20, 70000, '2019-12-24 10:07:27', '2019-12-24 10:07:27'),
(51, 2, 20, 70000, '2019-12-24 10:07:27', '2019-12-24 10:07:27'),
(51, 3, 20, 90000, '2019-12-24 10:07:28', '2019-12-24 10:07:28'),
(51, 4, 20, 90000, '2019-12-24 10:07:28', '2019-12-24 10:07:28'),
(51, 5, 20, 75000, '2019-12-24 10:07:28', '2019-12-24 10:07:28'),
(52, 6, 20, 70000, '2019-12-24 10:07:52', '2019-12-24 10:07:52'),
(52, 7, 20, 80000, '2019-12-24 10:07:52', '2019-12-24 10:07:52'),
(52, 8, 20, 90000, '2019-12-24 10:07:52', '2019-12-24 10:07:52'),
(52, 9, 20, 100000, '2019-12-24 10:07:52', '2019-12-24 10:07:52'),
(53, 10, 25, 90000, '2019-12-24 10:08:22', '2019-12-24 10:08:22'),
(53, 11, 20, 60000, '2019-12-24 10:08:22', '2019-12-24 10:08:22'),
(53, 12, 30, 130000, '2019-12-24 10:08:22', '2019-12-24 10:08:22'),
(54, 5, 10, 75000, '2019-12-24 10:13:29', '2019-12-24 10:13:29'),
(54, 6, 20, 70000, '2019-12-24 10:13:29', '2019-12-24 10:13:29'),
(54, 7, 20, 80000, '2019-12-24 10:13:29', '2019-12-24 10:13:29'),
(54, 9, 20, 100000, '2019-12-24 10:13:29', '2019-12-24 10:13:29'),
(55, 1, 20, 70000, '2020-01-10 03:05:52', '2020-01-10 03:05:52'),
(55, 2, 20, 70000, '2020-01-10 03:05:52', '2020-01-10 03:05:52'),
(55, 3, 20, 90000, '2020-01-10 03:05:53', '2020-01-10 03:05:53'),
(55, 4, 20, 90000, '2020-01-10 03:05:53', '2020-01-10 03:05:53'),
(56, 9, 15, 100000, '2020-01-10 05:41:01', '2020-01-10 05:41:01'),
(56, 10, 20, 90000, '2020-01-10 05:41:01', '2020-01-10 05:41:01'),
(56, 11, 10, 60000, '2020-01-10 05:41:01', '2020-01-10 05:41:01'),
(56, 12, 20, 130000, '2020-01-10 05:41:01', '2020-01-10 05:41:01');

-- --------------------------------------------------------

--
-- Table structure for table `penjualans`
--

CREATE TABLE `penjualans` (
  `id` int(10) UNSIGNED NOT NULL,
  `tanggal_transaksi` date NOT NULL,
  `customer_id` int(10) UNSIGNED NOT NULL,
  `invoice_number` varchar(191) COLLATE utf8mb4_unicode_ci NOT NULL,
  `total_harga` int(11) NOT NULL,
  `shipping` int(11) DEFAULT NULL,
  `profit` int(11) NOT NULL,
  `status` enum('PROCESS','FINISH','CANCEL') COLLATE utf8mb4_unicode_ci NOT NULL,
  `created_by` bigint(20) UNSIGNED NOT NULL,
  `updated_by` bigint(20) DEFAULT NULL,
  `created_at` timestamp NULL DEFAULT NULL,
  `updated_at` timestamp NULL DEFAULT NULL
) ENGINE=InnoDB DEFAULT CHARSET=utf8mb4 COLLATE=utf8mb4_unicode_ci;

--
-- Dumping data for table `penjualans`
--

INSERT INTO `penjualans` (`id`, `tanggal_transaksi`, `customer_id`, `invoice_number`, `total_harga`, `shipping`, `profit`, `status`, `created_by`, `updated_by`, `created_at`, `updated_at`) VALUES
(1, '2017-02-01', 19, '7001', 5500000, 30000, 2000000, 'FINISH', 1, NULL, '2019-12-24 05:20:22', '2019-12-24 05:20:22'),
(2, '2017-03-21', 1, '7002', 11500000, 50000, 4500000, 'FINISH', 1, 1, '2019-12-24 05:20:57', '2019-12-24 05:31:49'),
(3, '2017-04-22', 2, '7003', 4500000, 20000, 1800000, 'FINISH', 1, NULL, '2019-12-24 05:21:23', '2019-12-24 05:21:23'),
(4, '2017-06-16', 16, '7004', 14600000, 80000, 6300000, 'FINISH', 1, NULL, '2019-12-24 05:33:31', '2019-12-24 05:33:32'),
(5, '2017-08-17', 10, '7005', 13500000, 30000, 5500000, 'FINISH', 1, NULL, '2019-12-24 05:35:30', '2019-12-24 05:35:30'),
(6, '2017-11-23', 17, '7006', 7700000, 25000, 3200000, 'FINISH', 1, 1, '2019-12-24 05:36:12', '2019-12-24 05:36:29'),
(7, '2017-01-27', 13, '7007', 11700000, 60000, 4950000, 'FINISH', 1, NULL, '2019-12-24 05:37:42', '2019-12-24 05:37:43'),
(8, '2017-10-19', 18, '7008', 7200000, 2000, 3150000, 'FINISH', 1, NULL, '2019-12-24 05:39:25', '2019-12-24 05:39:25'),
(9, '2017-12-21', 4, '7009', 11000000, 2000, 4000000, 'FINISH', 1, NULL, '2019-12-24 05:41:53', '2019-12-24 05:41:53'),
(10, '2017-12-21', 17, '7010', 17800000, NULL, 7300000, 'FINISH', 1, 1, '2019-12-24 05:43:02', '2019-12-24 05:45:46'),
(11, '2017-09-15', 13, '7011', 35000000, 100000, 15700000, 'FINISH', 1, NULL, '2019-12-24 05:44:51', '2019-12-24 05:44:51'),
(12, '2017-06-15', 6, '7012', 28100000, 30000, 11200000, 'FINISH', 1, NULL, '2019-12-24 05:47:12', '2019-12-24 05:47:13'),
(13, '2017-07-22', 16, '7013', 18000000, 50000, 8400000, 'FINISH', 1, NULL, '2019-12-24 05:47:45', '2019-12-24 05:47:45'),
(14, '2018-01-16', 4, '7014', 17700000, 30000, 7100000, 'FINISH', 1, NULL, '2019-12-24 06:02:53', '2019-12-24 06:02:54'),
(15, '2018-02-23', 2, '7015', 10100000, 30000, 4400000, 'FINISH', 1, NULL, '2019-12-24 06:03:17', '2019-12-24 06:03:17'),
(16, '2018-02-28', 3, '7016', 5900000, 40000, 2350000, 'FINISH', 1, NULL, '2019-12-24 06:03:45', '2019-12-24 06:03:46'),
(17, '2018-03-22', 4, '7017', 10900000, 30000, 4500000, 'FINISH', 1, NULL, '2019-12-24 06:04:19', '2019-12-24 06:04:20'),
(18, '2018-04-25', 5, '7018', 12500000, 10000, 5550000, 'FINISH', 1, NULL, '2019-12-24 06:05:01', '2019-12-24 06:05:01'),
(19, '2018-07-28', 6, '7019', 27400000, 30000, 12200000, 'FINISH', 1, NULL, '2019-12-24 06:07:18', '2019-12-24 06:07:18'),
(20, '2018-05-24', 7, '7020', 13300000, 50000, 5400000, 'FINISH', 1, NULL, '2019-12-24 06:08:23', '2019-12-24 06:08:23'),
(21, '2018-04-10', 8, '7021', 13500000, 20000, 6300000, 'FINISH', 1, NULL, '2019-12-24 06:09:51', '2019-12-24 06:09:51'),
(22, '2018-08-17', 9, '7022', 20000000, 50000, 7800000, 'FINISH', 1, NULL, '2019-12-24 06:10:51', '2019-12-24 06:10:52'),
(23, '2018-06-13', 11, '7023', 20100000, 20000, 8250000, 'FINISH', 1, NULL, '2019-12-24 06:19:34', '2019-12-24 06:19:34'),
(24, '2018-08-14', 12, '7024', 10900000, 20000, 4850000, 'FINISH', 1, NULL, '2019-12-24 06:20:49', '2019-12-24 06:20:50'),
(25, '2018-09-26', 13, '7025', 7700000, 20000, 3200000, 'FINISH', 1, NULL, '2019-12-24 06:23:17', '2019-12-24 06:23:18'),
(26, '2018-10-25', 14, '7026', 13200000, 20000, 5750000, 'FINISH', 1, NULL, '2019-12-24 07:39:14', '2019-12-24 07:39:15'),
(27, '2018-11-29', 15, '7027', 40000000, 30000, 16500000, 'FINISH', 1, NULL, '2019-12-24 07:40:07', '2019-12-24 07:40:07'),
(28, '2018-12-24', 16, '7028', 9650000, 30000, 4000000, 'FINISH', 1, NULL, '2019-12-24 07:41:15', '2019-12-24 07:41:16'),
(29, '2018-12-18', 17, '7029', 12950000, 20000, 5640000, 'FINISH', 1, NULL, '2019-12-24 07:42:25', '2019-12-24 07:42:25'),
(30, '2019-01-16', 1, '7030', 6700000, 30000, 2700000, 'FINISH', 1, NULL, '2019-12-24 07:55:06', '2019-12-24 07:55:06'),
(31, '2019-01-26', 2, '7031', 27850000, 30000, 11250000, 'FINISH', 1, NULL, '2019-12-24 07:55:54', '2019-12-24 07:55:54'),
(32, '2019-02-05', 2, '7032', 16200000, 50000, 6300000, 'FINISH', 1, NULL, '2019-12-24 07:58:23', '2019-12-24 07:58:23'),
(33, '2019-02-06', 4, '7033', 10300000, 20000, 4350000, 'FINISH', 1, NULL, '2019-12-24 07:59:54', '2019-12-24 07:59:55'),
(34, '2019-03-06', 5, '7034', 10300000, 35000, 4500000, 'FINISH', 1, NULL, '2019-12-24 08:00:38', '2019-12-24 08:00:38'),
(35, '2019-03-28', 6, '7035', 6500000, 25000, 2900000, 'FINISH', 1, NULL, '2019-12-24 08:01:14', '2019-12-24 08:01:15'),
(36, '2019-04-17', 7, '7036', 7950000, 25000, 3550000, 'FINISH', 1, NULL, '2019-12-24 08:01:47', '2019-12-24 08:01:48'),
(37, '2019-04-26', 8, '7037', 11300000, 40000, 4750000, 'FINISH', 1, NULL, '2019-12-24 08:02:26', '2019-12-24 08:02:26'),
(38, '2019-05-25', 9, '7038', 15350000, 50000, 6525000, 'FINISH', 1, NULL, '2019-12-24 08:04:44', '2019-12-24 08:04:44'),
(39, '2019-05-29', 10, '7039', 22250000, 50000, 9825000, 'FINISH', 1, NULL, '2019-12-24 08:06:10', '2019-12-24 08:06:10'),
(40, '2019-06-20', 1, '7040', 23450000, 50000, 9575000, 'FINISH', 1, NULL, '2019-12-24 08:13:07', '2019-12-24 08:13:08'),
(41, '2019-06-27', 2, '7041', 24300000, 80000, 10325000, 'FINISH', 1, NULL, '2019-12-24 08:14:04', '2019-12-24 08:14:04'),
(42, '2019-07-25', 4, '7042', 15800000, 55000, 6900000, 'FINISH', 1, NULL, '2019-12-24 08:14:59', '2019-12-24 08:14:59'),
(43, '2019-07-27', 5, '7043', 15450000, 70000, 6600000, 'FINISH', 1, NULL, '2019-12-24 08:15:55', '2019-12-24 08:15:56'),
(44, '2019-08-17', 6, '7044', 19000000, 90000, 7875000, 'FINISH', 1, NULL, '2019-12-24 08:18:05', '2019-12-24 08:18:05'),
(45, '2019-08-18', 9, '7045', 17500000, 120000, 8050000, 'FINISH', 1, NULL, '2019-12-24 08:19:32', '2019-12-24 08:19:32'),
(46, '2019-09-24', 15, '7046', 11050000, 60000, 4400000, 'FINISH', 1, NULL, '2019-12-24 08:22:13', '2019-12-24 08:22:13'),
(47, '2019-09-24', 17, '7047', 3650000, 50000, 1450000, 'FINISH', 1, NULL, '2019-12-24 08:22:55', '2019-12-24 08:22:55'),
(48, '2019-09-26', 14, '7048', 16400000, 50000, 6800000, 'FINISH', 1, NULL, '2019-12-24 09:45:02', '2019-12-24 09:45:03'),
(49, '2019-10-16', 4, '7049', 13000000, 50000, 5000000, 'PROCESS', 1, NULL, '2019-12-24 09:52:19', '2019-12-24 09:52:19'),
(50, '2019-10-30', 17, '7050', 20300000, 50000, 8300000, 'PROCESS', 1, NULL, '2019-12-24 09:54:46', '2019-12-24 09:54:47'),
(51, '2019-10-20', 11, '7051', 7600000, 40000, 3000000, 'PROCESS', 1, NULL, '2019-12-24 09:55:35', '2019-12-24 09:55:35'),
(52, '2019-11-20', 15, '7052', 29350000, 10000, 12965000, 'PROCESS', 1, NULL, '2019-12-24 09:57:08', '2019-12-24 09:57:08'),
(53, '2019-11-27', 5, '7053', 33680000, 120000, 14130000, 'PROCESS', 1, NULL, '2019-12-24 09:59:35', '2019-12-24 09:59:36'),
(54, '2019-12-02', 6, '7054', 29200000, NULL, 12700000, 'PROCESS', 1, NULL, '2019-12-24 10:03:12', '2019-12-24 10:03:13'),
(55, '2019-12-25', 12, '7055', 16700000, 30000, 6960000, 'PROCESS', 1, NULL, '2019-12-24 10:05:57', '2019-12-24 10:05:57'),
(56, '2019-12-25', 11, '7056', 5400000, 10000, 1890000, 'PROCESS', 1, NULL, '2019-12-24 10:06:20', '2019-12-24 10:06:20'),
(57, '2019-12-28', 19, '7057', 11650000, 30000, 4800000, 'PROCESS', 1, NULL, '2019-12-24 10:09:02', '2019-12-24 10:09:03'),
(58, '2019-12-29', 18, '7058', 19650000, 30000, 8250000, 'PROCESS', 1, NULL, '2019-12-24 10:09:46', '2019-12-24 10:09:47'),
(59, '2019-12-30', 10, '7059', 6200000, 30000, 2760000, 'PROCESS', 1, NULL, '2019-12-24 10:11:04', '2019-12-24 10:11:04'),
(60, '2019-12-30', 14, '7060', 2150000, NULL, 800000, 'PROCESS', 1, NULL, '2019-12-24 10:12:32', '2019-12-24 10:12:32'),
(61, '2019-12-30', 8, '7061', 11160000, NULL, 5010000, 'PROCESS', 1, 1, '2019-12-24 10:14:36', '2020-01-02 09:06:06'),
(62, '2020-01-10', 3, '7062', 1100000, 20000, 400000, 'PROCESS', 1, NULL, '2020-01-10 03:09:22', '2020-01-10 03:09:22'),
(63, '2020-01-09', 16, '7063', 18080000, 30000, 7355000, 'PROCESS', 1, NULL, '2020-01-10 05:47:05', '2020-01-10 05:47:05');

-- --------------------------------------------------------

--
-- Table structure for table `penjualan_product`
--

CREATE TABLE `penjualan_product` (
  `penjualan_id` int(10) UNSIGNED NOT NULL,
  `product_id` int(10) UNSIGNED NOT NULL,
  `qty` int(11) NOT NULL,
  `harga_jual` int(11) NOT NULL,
  `harga_beli` int(11) NOT NULL,
  `created_at` timestamp NULL DEFAULT NULL,
  `updated_at` timestamp NULL DEFAULT NULL
) ENGINE=InnoDB DEFAULT CHARSET=utf8mb4 COLLATE=utf8mb4_unicode_ci;

--
-- Dumping data for table `penjualan_product`
--

INSERT INTO `penjualan_product` (`penjualan_id`, `product_id`, `qty`, `harga_jual`, `harga_beli`, `created_at`, `updated_at`) VALUES
(1, 1, 50, 110000, 70000, '2019-12-24 05:20:22', '2019-12-24 05:20:22'),
(2, 1, 50, 110000, 70000, '2019-12-24 05:31:49', '2019-12-24 05:31:49'),
(2, 2, 50, 120000, 70000, '2019-12-24 05:31:49', '2019-12-24 05:31:49'),
(3, 4, 30, 150000, 90000, '2019-12-24 05:21:23', '2019-12-24 05:21:23'),
(4, 4, 20, 150000, 90000, '2019-12-24 05:33:31', '2019-12-24 05:33:31'),
(4, 5, 20, 140000, 75000, '2019-12-24 05:33:32', '2019-12-24 05:33:32'),
(4, 9, 20, 180000, 100000, '2019-12-24 05:33:31', '2019-12-24 05:33:31'),
(4, 10, 20, 150000, 90000, '2019-12-24 05:33:32', '2019-12-24 05:33:32'),
(4, 11, 20, 110000, 60000, '2019-12-24 05:33:32', '2019-12-24 05:33:32'),
(5, 2, 50, 120000, 70000, '2019-12-24 05:35:30', '2019-12-24 05:35:30'),
(5, 4, 50, 150000, 90000, '2019-12-24 05:35:30', '2019-12-24 05:35:30'),
(6, 3, 30, 150000, 90000, '2019-12-24 05:36:29', '2019-12-24 05:36:29'),
(6, 8, 20, 160000, 90000, '2019-12-24 05:36:29', '2019-12-24 05:36:29'),
(7, 3, 50, 150000, 90000, '2019-12-24 05:37:42', '2019-12-24 05:37:42'),
(7, 5, 30, 140000, 75000, '2019-12-24 05:37:43', '2019-12-24 05:37:43'),
(8, 3, 20, 150000, 90000, '2019-12-24 05:39:25', '2019-12-24 05:39:25'),
(8, 5, 30, 140000, 75000, '2019-12-24 05:39:25', '2019-12-24 05:39:25'),
(9, 1, 100, 110000, 70000, '2019-12-24 05:41:53', '2019-12-24 05:41:53'),
(10, 1, 20, 110000, 70000, '2019-12-24 05:45:45', '2019-12-24 05:45:45'),
(10, 5, 20, 140000, 75000, '2019-12-24 05:45:45', '2019-12-24 05:45:45'),
(10, 9, 20, 180000, 100000, '2019-12-24 05:45:45', '2019-12-24 05:45:45'),
(10, 10, 20, 150000, 90000, '2019-12-24 05:45:45', '2019-12-24 05:45:45'),
(10, 11, 20, 110000, 60000, '2019-12-24 05:45:45', '2019-12-24 05:45:45'),
(10, 12, 20, 200000, 130000, '2019-12-24 05:45:45', '2019-12-24 05:45:45'),
(11, 6, 60, 140000, 70000, '2019-12-24 05:44:51', '2019-12-24 05:44:51'),
(11, 7, 60, 150000, 80000, '2019-12-24 05:44:51', '2019-12-24 05:44:51'),
(11, 8, 30, 160000, 90000, '2019-12-24 05:44:51', '2019-12-24 05:44:51'),
(11, 9, 20, 180000, 100000, '2019-12-24 05:44:51', '2019-12-24 05:44:51'),
(11, 10, 20, 150000, 90000, '2019-12-24 05:44:51', '2019-12-24 05:44:51'),
(11, 11, 20, 110000, 60000, '2019-12-24 05:44:51', '2019-12-24 05:44:51'),
(11, 12, 20, 200000, 130000, '2019-12-24 05:44:51', '2019-12-24 05:44:51'),
(12, 9, 40, 180000, 100000, '2019-12-24 05:47:13', '2019-12-24 05:47:13'),
(12, 10, 30, 150000, 90000, '2019-12-24 05:47:12', '2019-12-24 05:47:12'),
(12, 11, 40, 110000, 60000, '2019-12-24 05:47:12', '2019-12-24 05:47:12'),
(12, 12, 60, 200000, 130000, '2019-12-24 05:47:12', '2019-12-24 05:47:12'),
(13, 6, 40, 140000, 70000, '2019-12-24 05:47:45', '2019-12-24 05:47:45'),
(13, 7, 40, 150000, 80000, '2019-12-24 05:47:45', '2019-12-24 05:47:45'),
(13, 8, 40, 160000, 90000, '2019-12-24 05:47:45', '2019-12-24 05:47:45'),
(14, 1, 30, 110000, 70000, '2019-12-24 06:02:53', '2019-12-24 06:02:53'),
(14, 2, 70, 120000, 70000, '2019-12-24 06:02:53', '2019-12-24 06:02:53'),
(14, 3, 40, 150000, 90000, '2019-12-24 06:02:53', '2019-12-24 06:02:53'),
(15, 4, 30, 150000, 90000, '2019-12-24 06:03:17', '2019-12-24 06:03:17'),
(15, 5, 40, 140000, 75000, '2019-12-24 06:03:17', '2019-12-24 06:03:17'),
(16, 1, 30, 110000, 70000, '2019-12-24 06:03:46', '2019-12-24 06:03:46'),
(16, 2, 10, 120000, 70000, '2019-12-24 06:03:46', '2019-12-24 06:03:46'),
(16, 5, 10, 140000, 75000, '2019-12-24 06:03:45', '2019-12-24 06:03:45'),
(17, 10, 30, 150000, 90000, '2019-12-24 06:04:20', '2019-12-24 06:04:20'),
(17, 11, 40, 110000, 60000, '2019-12-24 06:04:19', '2019-12-24 06:04:19'),
(17, 12, 10, 200000, 130000, '2019-12-24 06:04:19', '2019-12-24 06:04:19'),
(18, 1, 10, 110000, 70000, '2019-12-24 06:05:01', '2019-12-24 06:05:01'),
(18, 2, 10, 120000, 70000, '2019-12-24 06:05:01', '2019-12-24 06:05:01'),
(18, 5, 30, 140000, 75000, '2019-12-24 06:05:01', '2019-12-24 06:05:01'),
(18, 7, 30, 150000, 80000, '2019-12-24 06:05:01', '2019-12-24 06:05:01'),
(18, 10, 10, 150000, 90000, '2019-12-24 06:05:01', '2019-12-24 06:05:01'),
(19, 1, 10, 110000, 70000, '2019-12-24 06:07:18', '2019-12-24 06:07:18'),
(19, 4, 10, 150000, 90000, '2019-12-24 06:07:18', '2019-12-24 06:07:18'),
(19, 6, 30, 140000, 70000, '2019-12-24 06:07:18', '2019-12-24 06:07:18'),
(19, 8, 50, 160000, 90000, '2019-12-24 06:07:18', '2019-12-24 06:07:18'),
(19, 9, 70, 180000, 100000, '2019-12-24 06:07:18', '2019-12-24 06:07:18'),
(20, 1, 30, 110000, 70000, '2019-12-24 06:08:23', '2019-12-24 06:08:23'),
(20, 2, 10, 120000, 70000, '2019-12-24 06:08:23', '2019-12-24 06:08:23'),
(20, 3, 20, 150000, 90000, '2019-12-24 06:08:23', '2019-12-24 06:08:23'),
(20, 4, 20, 150000, 90000, '2019-12-24 06:08:23', '2019-12-24 06:08:23'),
(20, 5, 20, 140000, 75000, '2019-12-24 06:08:23', '2019-12-24 06:08:23'),
(21, 6, 30, 140000, 70000, '2019-12-24 06:09:51', '2019-12-24 06:09:51'),
(21, 7, 30, 150000, 80000, '2019-12-24 06:09:51', '2019-12-24 06:09:51'),
(21, 8, 30, 160000, 90000, '2019-12-24 06:09:51', '2019-12-24 06:09:51'),
(22, 10, 30, 150000, 90000, '2019-12-24 06:10:52', '2019-12-24 06:10:52'),
(22, 11, 50, 110000, 60000, '2019-12-24 06:10:52', '2019-12-24 06:10:52'),
(22, 12, 50, 200000, 130000, '2019-12-24 06:10:52', '2019-12-24 06:10:52'),
(23, 1, 30, 110000, 70000, '2019-12-24 06:19:34', '2019-12-24 06:19:34'),
(23, 2, 30, 120000, 70000, '2019-12-24 06:19:34', '2019-12-24 06:19:34'),
(23, 3, 30, 150000, 90000, '2019-12-24 06:19:34', '2019-12-24 06:19:34'),
(23, 4, 30, 150000, 90000, '2019-12-24 06:19:34', '2019-12-24 06:19:34'),
(23, 5, 30, 140000, 75000, '2019-12-24 06:19:34', '2019-12-24 06:19:34'),
(24, 1, 10, 110000, 70000, '2019-12-24 06:20:49', '2019-12-24 06:20:49'),
(24, 2, 10, 120000, 70000, '2019-12-24 06:20:49', '2019-12-24 06:20:49'),
(24, 3, 10, 150000, 90000, '2019-12-24 06:20:49', '2019-12-24 06:20:49'),
(24, 4, 10, 150000, 90000, '2019-12-24 06:20:50', '2019-12-24 06:20:50'),
(24, 5, 10, 140000, 75000, '2019-12-24 06:20:50', '2019-12-24 06:20:50'),
(24, 6, 30, 140000, 70000, '2019-12-24 06:20:50', '2019-12-24 06:20:50'),
(25, 7, 10, 150000, 80000, '2019-12-24 06:23:18', '2019-12-24 06:23:18'),
(25, 8, 10, 160000, 90000, '2019-12-24 06:23:18', '2019-12-24 06:23:18'),
(25, 10, 10, 150000, 90000, '2019-12-24 06:23:18', '2019-12-24 06:23:18'),
(25, 11, 10, 110000, 60000, '2019-12-24 06:23:18', '2019-12-24 06:23:18'),
(25, 12, 10, 200000, 130000, '2019-12-24 06:23:17', '2019-12-24 06:23:17'),
(26, 1, 20, 110000, 70000, '2019-12-24 07:39:14', '2019-12-24 07:39:14'),
(26, 2, 20, 120000, 70000, '2019-12-24 07:39:14', '2019-12-24 07:39:14'),
(26, 3, 20, 150000, 90000, '2019-12-24 07:39:14', '2019-12-24 07:39:14'),
(26, 5, 10, 140000, 75000, '2019-12-24 07:39:14', '2019-12-24 07:39:14'),
(26, 6, 30, 140000, 70000, '2019-12-24 07:39:14', '2019-12-24 07:39:14'),
(27, 8, 50, 160000, 90000, '2019-12-24 07:40:07', '2019-12-24 07:40:07'),
(27, 9, 50, 180000, 100000, '2019-12-24 07:40:07', '2019-12-24 07:40:07'),
(27, 10, 50, 150000, 90000, '2019-12-24 07:40:07', '2019-12-24 07:40:07'),
(27, 11, 50, 110000, 60000, '2019-12-24 07:40:07', '2019-12-24 07:40:07'),
(27, 12, 50, 200000, 130000, '2019-12-24 07:40:07', '2019-12-24 07:40:07'),
(28, 1, 10, 110000, 70000, '2019-12-24 07:41:15', '2019-12-24 07:41:15'),
(28, 2, 15, 120000, 70000, '2019-12-24 07:41:15', '2019-12-24 07:41:15'),
(28, 3, 10, 150000, 90000, '2019-12-24 07:41:16', '2019-12-24 07:41:16'),
(28, 4, 20, 150000, 90000, '2019-12-24 07:41:16', '2019-12-24 07:41:16'),
(28, 7, 15, 150000, 80000, '2019-12-24 07:41:16', '2019-12-24 07:41:16'),
(29, 1, 25, 110000, 70000, '2019-12-24 07:42:25', '2019-12-24 07:42:25'),
(29, 3, 12, 150000, 90000, '2019-12-24 07:42:25', '2019-12-24 07:42:25'),
(29, 6, 24, 140000, 70000, '2019-12-24 07:42:25', '2019-12-24 07:42:25'),
(29, 9, 28, 180000, 100000, '2019-12-24 07:42:25', '2019-12-24 07:42:25'),
(30, 1, 10, 110000, 70000, '2019-12-24 07:55:06', '2019-12-24 07:55:06'),
(30, 9, 20, 180000, 100000, '2019-12-24 07:55:06', '2019-12-24 07:55:06'),
(30, 12, 10, 200000, 130000, '2019-12-24 07:55:06', '2019-12-24 07:55:06'),
(31, 2, 20, 120000, 70000, '2019-12-24 07:55:54', '2019-12-24 07:55:54'),
(31, 4, 35, 150000, 90000, '2019-12-24 07:55:54', '2019-12-24 07:55:54'),
(31, 5, 30, 140000, 75000, '2019-12-24 07:55:54', '2019-12-24 07:55:54'),
(31, 7, 15, 150000, 80000, '2019-12-24 07:55:54', '2019-12-24 07:55:54'),
(31, 10, 45, 150000, 90000, '2019-12-24 07:55:54', '2019-12-24 07:55:54'),
(31, 12, 35, 200000, 130000, '2019-12-24 07:55:54', '2019-12-24 07:55:54'),
(32, 1, 20, 110000, 70000, '2019-12-24 07:58:23', '2019-12-24 07:58:23'),
(32, 2, 15, 120000, 70000, '2019-12-24 07:58:23', '2019-12-24 07:58:23'),
(32, 8, 10, 160000, 90000, '2019-12-24 07:58:23', '2019-12-24 07:58:23'),
(32, 9, 20, 180000, 100000, '2019-12-24 07:58:23', '2019-12-24 07:58:23'),
(32, 12, 35, 200000, 130000, '2019-12-24 07:58:23', '2019-12-24 07:58:23'),
(33, 1, 10, 110000, 70000, '2019-12-24 07:59:54', '2019-12-24 07:59:54'),
(33, 7, 15, 150000, 80000, '2019-12-24 07:59:54', '2019-12-24 07:59:54'),
(33, 8, 20, 160000, 90000, '2019-12-24 07:59:54', '2019-12-24 07:59:54'),
(33, 10, 25, 150000, 90000, '2019-12-24 07:59:54', '2019-12-24 07:59:54'),
(34, 8, 15, 160000, 90000, '2019-12-24 08:00:38', '2019-12-24 08:00:38'),
(34, 9, 10, 180000, 100000, '2019-12-24 08:00:38', '2019-12-24 08:00:38'),
(34, 10, 15, 150000, 90000, '2019-12-24 08:00:38', '2019-12-24 08:00:38'),
(34, 11, 35, 110000, 60000, '2019-12-24 08:00:38', '2019-12-24 08:00:38'),
(35, 1, 15, 110000, 70000, '2019-12-24 08:01:14', '2019-12-24 08:01:14'),
(35, 6, 15, 140000, 70000, '2019-12-24 08:01:15', '2019-12-24 08:01:15'),
(35, 11, 25, 110000, 60000, '2019-12-24 08:01:14', '2019-12-24 08:01:14'),
(36, 1, 10, 110000, 70000, '2019-12-24 08:01:47', '2019-12-24 08:01:47'),
(36, 3, 15, 150000, 90000, '2019-12-24 08:01:47', '2019-12-24 08:01:47'),
(36, 6, 25, 140000, 70000, '2019-12-24 08:01:47', '2019-12-24 08:01:47'),
(36, 11, 10, 110000, 60000, '2019-12-24 08:01:48', '2019-12-24 08:01:48'),
(37, 8, 25, 160000, 90000, '2019-12-24 08:02:26', '2019-12-24 08:02:26'),
(37, 9, 15, 180000, 100000, '2019-12-24 08:02:26', '2019-12-24 08:02:26'),
(37, 10, 10, 150000, 90000, '2019-12-24 08:02:26', '2019-12-24 08:02:26'),
(37, 11, 10, 110000, 60000, '2019-12-24 08:02:26', '2019-12-24 08:02:26'),
(37, 12, 10, 200000, 130000, '2019-12-24 08:02:26', '2019-12-24 08:02:26'),
(38, 1, 10, 110000, 70000, '2019-12-24 08:04:44', '2019-12-24 08:04:44'),
(38, 2, 10, 120000, 70000, '2019-12-24 08:04:44', '2019-12-24 08:04:44'),
(38, 3, 35, 150000, 90000, '2019-12-24 08:04:44', '2019-12-24 08:04:44'),
(38, 4, 10, 150000, 90000, '2019-12-24 08:04:44', '2019-12-24 08:04:44'),
(38, 5, 45, 140000, 75000, '2019-12-24 08:04:44', '2019-12-24 08:04:44'),
(39, 3, 20, 150000, 90000, '2019-12-24 08:06:10', '2019-12-24 08:06:10'),
(39, 4, 5, 150000, 90000, '2019-12-24 08:06:10', '2019-12-24 08:06:10'),
(39, 5, 35, 140000, 75000, '2019-12-24 08:06:10', '2019-12-24 08:06:10'),
(39, 7, 40, 150000, 80000, '2019-12-24 08:06:10', '2019-12-24 08:06:10'),
(39, 10, 25, 150000, 90000, '2019-12-24 08:06:10', '2019-12-24 08:06:10'),
(39, 11, 35, 110000, 60000, '2019-12-24 08:06:10', '2019-12-24 08:06:10'),
(40, 1, 25, 110000, 70000, '2019-12-24 08:13:07', '2019-12-24 08:13:07'),
(40, 2, 10, 120000, 70000, '2019-12-24 08:13:07', '2019-12-24 08:13:07'),
(40, 3, 35, 150000, 90000, '2019-12-24 08:13:07', '2019-12-24 08:13:07'),
(40, 4, 20, 150000, 90000, '2019-12-24 08:13:08', '2019-12-24 08:13:08'),
(40, 5, 25, 140000, 75000, '2019-12-24 08:13:08', '2019-12-24 08:13:08'),
(40, 6, 10, 140000, 70000, '2019-12-24 08:13:08', '2019-12-24 08:13:08'),
(40, 10, 15, 150000, 90000, '2019-12-24 08:13:08', '2019-12-24 08:13:08'),
(40, 11, 10, 110000, 60000, '2019-12-24 08:13:08', '2019-12-24 08:13:08'),
(40, 12, 15, 200000, 130000, '2019-12-24 08:13:08', '2019-12-24 08:13:08'),
(41, 1, 25, 110000, 70000, '2019-12-24 08:14:04', '2019-12-24 08:14:04'),
(41, 2, 20, 120000, 70000, '2019-12-24 08:14:04', '2019-12-24 08:14:04'),
(41, 3, 35, 150000, 90000, '2019-12-24 08:14:04', '2019-12-24 08:14:04'),
(41, 4, 25, 150000, 90000, '2019-12-24 08:14:04', '2019-12-24 08:14:04'),
(41, 5, 35, 140000, 75000, '2019-12-24 08:14:04', '2019-12-24 08:14:04'),
(41, 7, 35, 150000, 80000, '2019-12-24 08:14:04', '2019-12-24 08:14:04'),
(42, 2, 25, 120000, 70000, '2019-12-24 08:14:59', '2019-12-24 08:14:59'),
(42, 8, 35, 160000, 90000, '2019-12-24 08:14:59', '2019-12-24 08:14:59'),
(42, 9, 40, 180000, 100000, '2019-12-24 08:14:59', '2019-12-24 08:14:59'),
(43, 1, 10, 110000, 70000, '2019-12-24 08:15:55', '2019-12-24 08:15:55'),
(43, 2, 10, 120000, 70000, '2019-12-24 08:15:55', '2019-12-24 08:15:55'),
(43, 3, 10, 150000, 90000, '2019-12-24 08:15:55', '2019-12-24 08:15:55'),
(43, 4, 10, 150000, 90000, '2019-12-24 08:15:55', '2019-12-24 08:15:55'),
(43, 5, 10, 140000, 75000, '2019-12-24 08:15:55', '2019-12-24 08:15:55'),
(43, 6, 25, 140000, 70000, '2019-12-24 08:15:55', '2019-12-24 08:15:55'),
(43, 10, 35, 150000, 90000, '2019-12-24 08:15:55', '2019-12-24 08:15:55'),
(44, 1, 25, 110000, 70000, '2019-12-24 08:18:05', '2019-12-24 08:18:05'),
(44, 2, 15, 120000, 70000, '2019-12-24 08:18:05', '2019-12-24 08:18:05'),
(44, 3, 25, 150000, 90000, '2019-12-24 08:18:05', '2019-12-24 08:18:05'),
(44, 4, 20, 150000, 90000, '2019-12-24 08:18:05', '2019-12-24 08:18:05'),
(44, 5, 15, 140000, 75000, '2019-12-24 08:18:05', '2019-12-24 08:18:05'),
(44, 8, 35, 160000, 90000, '2019-12-24 08:18:05', '2019-12-24 08:18:05'),
(45, 6, 25, 140000, 70000, '2019-12-24 08:19:32', '2019-12-24 08:19:32'),
(45, 7, 30, 150000, 80000, '2019-12-24 08:19:32', '2019-12-24 08:19:32'),
(45, 8, 20, 160000, 90000, '2019-12-24 08:19:32', '2019-12-24 08:19:32'),
(45, 9, 35, 180000, 100000, '2019-12-24 08:19:32', '2019-12-24 08:19:32'),
(46, 10, 25, 150000, 90000, '2019-12-24 08:22:13', '2019-12-24 08:22:13'),
(46, 11, 30, 110000, 60000, '2019-12-24 08:22:13', '2019-12-24 08:22:13'),
(46, 12, 20, 200000, 130000, '2019-12-24 08:22:13', '2019-12-24 08:22:13'),
(47, 1, 10, 110000, 70000, '2019-12-24 08:22:55', '2019-12-24 08:22:55'),
(47, 2, 15, 120000, 70000, '2019-12-24 08:22:55', '2019-12-24 08:22:55'),
(47, 3, 5, 150000, 90000, '2019-12-24 08:22:55', '2019-12-24 08:22:55'),
(48, 7, 5, 150000, 80000, '2019-12-24 09:45:03', '2019-12-24 09:45:03'),
(48, 8, 20, 160000, 90000, '2019-12-24 09:45:03', '2019-12-24 09:45:03'),
(48, 9, 15, 180000, 100000, '2019-12-24 09:45:03', '2019-12-24 09:45:03'),
(48, 10, 20, 150000, 90000, '2019-12-24 09:45:03', '2019-12-24 09:45:03'),
(48, 11, 25, 110000, 60000, '2019-12-24 09:45:02', '2019-12-24 09:45:02'),
(48, 12, 20, 200000, 130000, '2019-12-24 09:45:02', '2019-12-24 09:45:02'),
(49, 1, 50, 110000, 70000, '2019-12-24 09:52:19', '2019-12-24 09:52:19'),
(49, 3, 20, 150000, 90000, '2019-12-24 09:52:19', '2019-12-24 09:52:19'),
(49, 4, 30, 150000, 90000, '2019-12-24 09:52:19', '2019-12-24 09:52:19'),
(50, 3, 25, 150000, 90000, '2019-12-24 09:54:46', '2019-12-24 09:54:46'),
(50, 8, 35, 160000, 90000, '2019-12-24 09:54:46', '2019-12-24 09:54:46'),
(50, 11, 45, 110000, 60000, '2019-12-24 09:54:47', '2019-12-24 09:54:47'),
(50, 12, 30, 200000, 130000, '2019-12-24 09:54:47', '2019-12-24 09:54:47'),
(51, 1, 20, 110000, 70000, '2019-12-24 09:55:35', '2019-12-24 09:55:35'),
(51, 2, 20, 120000, 70000, '2019-12-24 09:55:35', '2019-12-24 09:55:35'),
(51, 3, 20, 150000, 90000, '2019-12-24 09:55:35', '2019-12-24 09:55:35'),
(52, 1, 24, 110000, 70000, '2019-12-24 09:57:08', '2019-12-24 09:57:08'),
(52, 2, 28, 120000, 70000, '2019-12-24 09:57:08', '2019-12-24 09:57:08'),
(52, 3, 8, 150000, 90000, '2019-12-24 09:57:08', '2019-12-24 09:57:08'),
(52, 4, 15, 150000, 90000, '2019-12-24 09:57:08', '2019-12-24 09:57:08'),
(52, 5, 53, 140000, 75000, '2019-12-24 09:57:08', '2019-12-24 09:57:08'),
(52, 6, 30, 140000, 70000, '2019-12-24 09:57:08', '2019-12-24 09:57:08'),
(52, 9, 46, 180000, 100000, '2019-12-24 09:57:08', '2019-12-24 09:57:08'),
(53, 1, 10, 110000, 70000, '2019-12-24 09:59:35', '2019-12-24 09:59:35'),
(53, 2, 25, 120000, 70000, '2019-12-24 09:59:35', '2019-12-24 09:59:35'),
(53, 5, 10, 140000, 75000, '2019-12-24 09:59:35', '2019-12-24 09:59:35'),
(53, 7, 23, 150000, 80000, '2019-12-24 09:59:35', '2019-12-24 09:59:35'),
(53, 8, 28, 160000, 90000, '2019-12-24 09:59:35', '2019-12-24 09:59:35'),
(53, 9, 35, 180000, 100000, '2019-12-24 09:59:35', '2019-12-24 09:59:35'),
(53, 10, 54, 150000, 90000, '2019-12-24 09:59:35', '2019-12-24 09:59:35'),
(53, 11, 15, 110000, 60000, '2019-12-24 09:59:35', '2019-12-24 09:59:35'),
(53, 12, 21, 200000, 130000, '2019-12-24 09:59:35', '2019-12-24 09:59:35'),
(54, 1, 20, 110000, 70000, '2019-12-24 10:03:12', '2019-12-24 10:03:12'),
(54, 2, 20, 120000, 70000, '2019-12-24 10:03:12', '2019-12-24 10:03:12'),
(54, 3, 20, 150000, 90000, '2019-12-24 10:03:12', '2019-12-24 10:03:12'),
(54, 5, 100, 140000, 75000, '2019-12-24 10:03:12', '2019-12-24 10:03:12'),
(54, 6, 10, 140000, 70000, '2019-12-24 10:03:12', '2019-12-24 10:03:12'),
(54, 8, 10, 160000, 90000, '2019-12-24 10:03:12', '2019-12-24 10:03:12'),
(54, 10, 10, 150000, 90000, '2019-12-24 10:03:12', '2019-12-24 10:03:12'),
(54, 11, 10, 110000, 60000, '2019-12-24 10:03:13', '2019-12-24 10:03:13'),
(54, 12, 10, 200000, 130000, '2019-12-24 10:03:13', '2019-12-24 10:03:13'),
(55, 1, 25, 110000, 70000, '2019-12-24 10:05:57', '2019-12-24 10:05:57'),
(55, 2, 45, 120000, 70000, '2019-12-24 10:05:57', '2019-12-24 10:05:57'),
(55, 3, 28, 150000, 90000, '2019-12-24 10:05:57', '2019-12-24 10:05:57'),
(55, 7, 29, 150000, 80000, '2019-12-24 10:05:57', '2019-12-24 10:05:57'),
(56, 12, 27, 200000, 130000, '2019-12-24 10:06:20', '2019-12-24 10:06:20'),
(57, 1, 15, 110000, 70000, '2019-12-24 10:09:02', '2019-12-24 10:09:02'),
(57, 2, 10, 120000, 70000, '2019-12-24 10:09:02', '2019-12-24 10:09:02'),
(57, 3, 15, 150000, 90000, '2019-12-24 10:09:03', '2019-12-24 10:09:03'),
(57, 4, 25, 150000, 90000, '2019-12-24 10:09:03', '2019-12-24 10:09:03'),
(57, 5, 20, 140000, 75000, '2019-12-24 10:09:03', '2019-12-24 10:09:03'),
(58, 8, 25, 160000, 90000, '2019-12-24 10:09:47', '2019-12-24 10:09:47'),
(58, 9, 30, 180000, 100000, '2019-12-24 10:09:47', '2019-12-24 10:09:47'),
(58, 10, 30, 150000, 90000, '2019-12-24 10:09:47', '2019-12-24 10:09:47'),
(58, 11, 25, 110000, 60000, '2019-12-24 10:09:46', '2019-12-24 10:09:46'),
(58, 12, 15, 200000, 130000, '2019-12-24 10:09:46', '2019-12-24 10:09:46'),
(59, 6, 25, 140000, 70000, '2019-12-24 10:11:04', '2019-12-24 10:11:04'),
(59, 10, 1, 150000, 90000, '2019-12-24 10:11:04', '2019-12-24 10:11:04'),
(59, 11, 5, 110000, 60000, '2019-12-24 10:11:04', '2019-12-24 10:11:04'),
(59, 12, 10, 200000, 130000, '2019-12-24 10:11:04', '2019-12-24 10:11:04'),
(60, 1, 5, 110000, 70000, '2019-12-24 10:12:32', '2019-12-24 10:12:32'),
(60, 2, 5, 120000, 70000, '2019-12-24 10:12:32', '2019-12-24 10:12:32'),
(60, 12, 5, 200000, 130000, '2019-12-24 10:12:32', '2019-12-24 10:12:32'),
(61, 1, 10, 110000, 70000, '2020-01-02 09:06:05', '2020-01-02 09:06:05'),
(61, 2, 15, 120000, 70000, '2020-01-02 09:06:06', '2020-01-02 09:06:06'),
(61, 6, 8, 140000, 70000, '2020-01-02 09:06:06', '2020-01-02 09:06:06'),
(61, 7, 38, 150000, 80000, '2020-01-02 09:06:06', '2020-01-02 09:06:06'),
(61, 9, 8, 180000, 100000, '2020-01-02 09:06:06', '2020-01-02 09:06:06'),
(62, 1, 10, 110000, 70000, '2020-01-10 03:09:22', '2020-01-10 03:09:22'),
(63, 1, 11, 110000, 70000, '2020-01-10 05:47:05', '2020-01-10 05:47:05'),
(63, 2, 19, 120000, 70000, '2020-01-10 05:47:05', '2020-01-10 05:47:05'),
(63, 3, 15, 150000, 90000, '2020-01-10 05:47:05', '2020-01-10 05:47:05'),
(63, 4, 10, 150000, 90000, '2020-01-10 05:47:05', '2020-01-10 05:47:05'),
(63, 5, 5, 140000, 75000, '2020-01-10 05:47:05', '2020-01-10 05:47:05'),
(63, 9, 18, 180000, 100000, '2020-01-10 05:47:05', '2020-01-10 05:47:05'),
(63, 10, 15, 150000, 90000, '2020-01-10 05:47:05', '2020-01-10 05:47:05'),
(63, 11, 15, 110000, 60000, '2020-01-10 05:47:05', '2020-01-10 05:47:05'),
(63, 12, 15, 200000, 130000, '2020-01-10 05:47:05', '2020-01-10 05:47:05');

-- --------------------------------------------------------

--
-- Table structure for table `products`
--

CREATE TABLE `products` (
  `id` int(10) UNSIGNED NOT NULL,
  `category_id` int(10) UNSIGNED NOT NULL,
  `nama_produk` varchar(191) COLLATE utf8mb4_unicode_ci NOT NULL,
  `kode_produk` varchar(191) COLLATE utf8mb4_unicode_ci NOT NULL,
  `keterangan` text COLLATE utf8mb4_unicode_ci NOT NULL,
  `satuan` varchar(191) COLLATE utf8mb4_unicode_ci NOT NULL,
  `harga_dasar` int(11) NOT NULL,
  `harga_jual` int(11) NOT NULL,
  `gambar` varchar(191) COLLATE utf8mb4_unicode_ci NOT NULL,
  `created_at` timestamp NULL DEFAULT NULL,
  `updated_at` timestamp NULL DEFAULT NULL
) ENGINE=InnoDB DEFAULT CHARSET=utf8mb4 COLLATE=utf8mb4_unicode_ci;

--
-- Dumping data for table `products`
--

INSERT INTO `products` (`id`, `category_id`, `nama_produk`, `kode_produk`, `keterangan`, `satuan`, `harga_dasar`, `harga_jual`, `gambar`, `created_at`, `updated_at`) VALUES
(1, 3, 'Rattan', 'RTA', 'rattan bag', 'pcs', 70000, 110000, 'products/HpMdzUnCbWpEwG9JqTAmTRjsgqG78keace0zdIiP.jpeg', '2019-12-24 00:43:19', '2019-12-24 10:58:13'),
(2, 4, 'Ball', 'BL01', 'Ball syntetis', 'pcs', 70000, 120000, 'products/w8koWgXhe1w4oeaoj3ylOy8tcXW96MSMqYtAzmyz.jpeg', '2019-12-24 00:44:19', '2019-12-24 00:44:19'),
(3, 1, 'Atta', 'At01', 'Atta product', 'pcs', 90000, 150000, 'products/brdw5XetuGW7UXi9B3Q1o4kpVk7hu5smI15im41S.jpeg', '2019-12-24 00:45:07', '2019-12-24 00:45:07'),
(4, 4, 'Cukli', 'CK02', 'Cukli', 'pcs', 90000, 150000, 'products/il3L6xd0RlCxot8LgDXNoQzBRQRZYv1Csc4QyOAP.jpeg', '2019-12-24 00:46:11', '2019-12-24 00:46:11'),
(5, 4, 'Sticker', 'St11', 'Sticker bag', 'pcs', 75000, 140000, 'products/KwOvOdXHO7jMfBW0Ti1USZJXgtG4gyQXflEI8DoD.jpeg', '2019-12-24 00:47:15', '2019-12-24 00:47:15'),
(6, 4, 'Gendit Sintetis', 'GD01', 'Gendit bag', 'pcs', 70000, 140000, 'products/fGf1CkUx0xXkf9bs19cYT00kBy4CLjYXoqCRAmPu.jpeg', '2019-12-24 00:48:12', '2019-12-24 01:19:35'),
(7, 3, 'Gendit Rattan', 'GD02', 'Gendit full rattan', 'pcs', 80000, 150000, 'products/toDu0bmhAE5e9qFKDlBDVFIEEIBn68sfV1q7lEVQ.jpeg', '2019-12-24 00:49:12', '2019-12-24 01:19:26'),
(8, 3, 'Double Gendit', 'DGD01', 'Double Gendit', 'pcs', 90000, 160000, 'products/hSJLZYYSk1ewTr1n8xRnhwEevsurMZLC0dLrlSN3.jpeg', '2019-12-24 00:50:07', '2019-12-24 00:50:07'),
(9, 1, 'Cukli Atta', 'CKA', 'Cukli Atta Ukir', 'pcs', 100000, 180000, 'products/RdlctcNjeGy39jiJcqTS50ix5Nqy5NhYwwi3bv3A.jpeg', '2019-12-24 00:51:14', '2019-12-24 00:51:14'),
(10, 4, 'Cukli Oval', 'CKO', 'Cukli Oval paint', 'pcs', 90000, 150000, 'products/GRtJ1Gdx9cStA1ELRz7z72xHhqfI6aWSSakNxpor.jpeg', '2019-12-24 00:52:10', '2019-12-24 00:52:10'),
(11, 4, 'Round Sumpey', 'SM01', 'Round Sumpey bag', 'pcs', 60000, 110000, 'products/VvzWFK9JniiUovlj7BTERN7Gp0yool4TzVZoZOmQ.jpeg', '2019-12-24 00:53:12', '2019-12-24 00:53:12'),
(12, 1, 'Atta Bintang', 'ATB', 'Atta Bintang', 'pcs', 130000, 200000, 'products/aJGfn3tZKDpJ5BdNmShQSXqTQ2MNttvKNT0mqjdh.png', '2019-12-24 00:54:27', '2019-12-24 00:54:27');

-- --------------------------------------------------------

--
-- Table structure for table `stocks`
--

CREATE TABLE `stocks` (
  `id` int(10) UNSIGNED NOT NULL,
  `product_id` int(10) UNSIGNED NOT NULL,
  `stok` int(11) NOT NULL,
  `created_at` timestamp NULL DEFAULT NULL,
  `updated_at` timestamp NULL DEFAULT NULL
) ENGINE=InnoDB DEFAULT CHARSET=utf8mb4 COLLATE=utf8mb4_unicode_ci;

--
-- Dumping data for table `stocks`
--

INSERT INTO `stocks` (`id`, `product_id`, `stok`, `created_at`, `updated_at`) VALUES
(1, 1, 1, '2019-12-24 00:43:19', '2020-01-10 05:47:05'),
(2, 2, 10, '2019-12-24 00:44:19', '2020-01-10 05:47:05'),
(3, 3, 12, '2019-12-24 00:45:07', '2020-01-10 05:47:05'),
(4, 4, 10, '2019-12-24 00:46:11', '2020-01-10 05:47:05'),
(5, 5, 12, '2019-12-24 00:47:15', '2020-01-10 05:47:05'),
(6, 6, 13, '2019-12-24 00:48:12', '2020-01-02 09:06:06'),
(7, 7, 5, '2019-12-24 00:49:12', '2020-01-02 09:06:06'),
(8, 8, 7, '2019-12-24 00:50:07', '2019-12-24 10:09:47'),
(9, 9, 10, '2019-12-24 00:51:14', '2020-01-10 05:47:05'),
(10, 10, 13, '2019-12-24 00:52:10', '2020-01-10 05:47:05'),
(11, 11, 4, '2019-12-24 00:53:12', '2020-01-10 05:47:05'),
(12, 12, 12, '2019-12-24 00:54:27', '2020-01-10 05:47:05');

-- --------------------------------------------------------

--
-- Table structure for table `suppliers`
--

CREATE TABLE `suppliers` (
  `id` int(10) UNSIGNED NOT NULL,
  `nama` varchar(191) COLLATE utf8mb4_unicode_ci NOT NULL,
  `email` varchar(191) COLLATE utf8mb4_unicode_ci NOT NULL,
  `perusahaan` varchar(191) COLLATE utf8mb4_unicode_ci NOT NULL,
  `phone` varchar(191) COLLATE utf8mb4_unicode_ci NOT NULL,
  `address` text COLLATE utf8mb4_unicode_ci NOT NULL,
  `avatar` varchar(191) COLLATE utf8mb4_unicode_ci NOT NULL,
  `status` enum('ACTIVE','INACTIVE') COLLATE utf8mb4_unicode_ci NOT NULL,
  `created_at` timestamp NULL DEFAULT NULL,
  `updated_at` timestamp NULL DEFAULT NULL
) ENGINE=InnoDB DEFAULT CHARSET=utf8mb4 COLLATE=utf8mb4_unicode_ci;

--
-- Dumping data for table `suppliers`
--

INSERT INTO `suppliers` (`id`, `nama`, `email`, `perusahaan`, `phone`, `address`, `avatar`, `status`, `created_at`, `updated_at`) VALUES
(1, 'Ani', 'Ani@gmail.com', 'Anigallery corp', '085237588122', 'Jalan Gatot Subroto Barat no 293 (100 m ke barat dari Hotel Aston Denpasar)', 'avatars/yJ2AU6kN7joomEIDrmirwrrp0D3Dar5kj3k6z6qF.jpeg', 'ACTIVE', '2019-12-24 00:25:06', '2019-12-24 00:25:06'),
(2, 'Risa', 'risa@gmail.com', 'risa bakery corp', '082244155541', 'Jl.tukad pancoran 1 no-3 Panjer , denpasar selatan.', 'avatars/WCtkgJsMae8BCDWGoIbcEcjdpD9QpkAmrtp7YKNA.jpeg', 'ACTIVE', '2019-12-24 00:26:10', '2019-12-24 00:26:10'),
(3, 'Ning', 'ning@gmail.com', 'ningnung corp', '085555654122', 'Jalan Kebo Iwa 369 B Denpasar', 'avatars/pLFTyfN36EObJazNawY09tYglqo7yJJrMVEgJJnS.jpeg', 'ACTIVE', '2019-12-24 00:27:40', '2019-12-24 00:27:40'),
(4, 'Tyas', 'tyas@gmail.com', 'tyasa gold corp', '08226659211', 'Jl. Gn. Andakasa Gg. Srikaya II No.8 Denpasar', 'avatars/9aTi2eKKc4CjnHqHZPIGuY9PAZfjV97cTC1PF9HF.jpeg', 'ACTIVE', '2019-12-24 00:28:45', '2019-12-24 00:28:45'),
(5, 'Putri', 'putri@gmail.com', 'putri snack corp', '0218321154', 'Jl By Pass Ngurah Rai 545-X Denpasar', 'avatars/qbrs0ZaNinNSRYYrEm3tgBvMt43xuWVdksDYlWok.jpeg', 'ACTIVE', '2019-12-24 00:30:03', '2019-12-24 00:30:03'),
(6, 'Edo', 'edo@gmail.com', 'edolio corp', '0213332154', 'Jl By Pass Ngurah Rai I 162 Denpasar', 'avatars/dSjpx6IFDWE3K9OHKCOidk27cdSWjDxKts2YGFCA.jpeg', 'ACTIVE', '2019-12-24 00:30:43', '2019-12-24 00:30:43'),
(7, 'eltap', 'eltap@gmail.co', 'eltapio gallery corp', '082245574155', 'ds.yosomulyo, banyuwangi, jawa timur', 'avatars/0BFC2pdXflyTFOemvJRzrFjEE5ewem9z6UJg8UqV.jpeg', 'ACTIVE', '2019-12-24 00:32:19', '2019-12-24 00:32:19');

-- --------------------------------------------------------

--
-- Table structure for table `users`
--

CREATE TABLE `users` (
  `id` bigint(20) UNSIGNED NOT NULL,
  `name` varchar(191) COLLATE utf8mb4_unicode_ci NOT NULL,
  `email` varchar(191) COLLATE utf8mb4_unicode_ci NOT NULL,
  `email_verified_at` timestamp NULL DEFAULT NULL,
  `password` varchar(191) COLLATE utf8mb4_unicode_ci NOT NULL,
  `remember_token` varchar(100) COLLATE utf8mb4_unicode_ci DEFAULT NULL,
  `created_at` timestamp NULL DEFAULT NULL,
  `updated_at` timestamp NULL DEFAULT NULL,
  `username` varchar(191) COLLATE utf8mb4_unicode_ci NOT NULL,
  `roles` varchar(191) COLLATE utf8mb4_unicode_ci NOT NULL,
  `address` text COLLATE utf8mb4_unicode_ci NOT NULL,
  `phone` varchar(191) COLLATE utf8mb4_unicode_ci NOT NULL,
  `avatar` varchar(191) COLLATE utf8mb4_unicode_ci NOT NULL,
  `status` enum('ACTIVE','INACTIVE') COLLATE utf8mb4_unicode_ci NOT NULL
) ENGINE=InnoDB DEFAULT CHARSET=utf8mb4 COLLATE=utf8mb4_unicode_ci;

--
-- Dumping data for table `users`
--

INSERT INTO `users` (`id`, `name`, `email`, `email_verified_at`, `password`, `remember_token`, `created_at`, `updated_at`, `username`, `roles`, `address`, `phone`, `avatar`, `status`) VALUES
(1, 'Made Yogi Nugraha', 'yoginugraha19@gmail.com', NULL, '$2y$10$eBDLNKRNHLLYW.Vzd0X2Ce6sXOjZPOLG2C3yVpS/5QS1KxZhgwkXm', NULL, '2019-12-23 21:15:22', '2019-12-24 18:49:49', 'Yogi Nugraha', '[\"ADMIN\"]', 'Sarmili, Bintaro, Tangerang Selatan', '089468416847', 'avatars/cGe7XHNATS0Tpip7bgjYzrXD6U4BFyi2mARsZVBZ.jpeg', 'ACTIVE'),
(2, 'Chris evan', 'chrisevan@gmail.com', NULL, '$2y$10$yNarpJTqNI6wf8LjcM9sbuRWIIuHI/G3rVqNrHXGfYPBeRizCH.tK', NULL, '2019-12-23 21:40:03', '2019-12-23 21:40:03', 'chrisevan', '[\"KASIR\"]', 'jalan narakesuma gang xiii no 3 denpasar', '08788849875', 'avatars/FNjl0QK3rhjkqLZJE4efRfkTEi8bmFLDGws2rKI5.jpeg', 'ACTIVE'),
(3, 'Biilie Elish', 'bilielis@gmail.com', NULL, '$2y$10$sM3SoouxaLIjqWhMuYnTluQVY2tiEPQyGqPJFo6AI9WZqv.VRX/eu', NULL, '2019-12-23 21:41:12', '2019-12-23 21:41:12', 'bilielis', '[\"GUDANG\"]', 'Jalan gang buntu sidoarjo, jawa barat.', '081556449887', 'avatars/PP8HmHVsrE02fZzfHEjVJbAtBmsMeOf9x1BNEDqV.jpeg', 'ACTIVE'),
(4, 'El dani', 'el@gmail.com', NULL, '$2y$10$2hJJzl3yAX3o7ATE9JFCZe0A52DJ053DyMi9Cngg0WJ2x5BF4nhlm', NULL, '2019-12-23 21:42:34', '2019-12-23 21:42:34', 'eldani', '[\"KASIR\",\"GUDANG\"]', 'jalan jakarta timur, jakarta pusat indonesia', '087999444666', 'avatars/aD21Iu0EnG068KO81KsPhCpiKeGDF2RwbVEtLpKx.jpeg', 'ACTIVE'),
(5, 'a', 'a@gmail.com', NULL, '$2y$10$x8db3flZ477UqkhHvR0nruodolgQZxiDDXyQjaoqY5eJTgm5xt2hC', NULL, '2019-12-24 18:49:18', '2019-12-24 18:49:18', 'a', '[\"ADMIN\"]', 'Sarmili, Bintaro, Tangerang Selatan', '089468416847', 'saat-ini-tidak-ada-file.png', 'ACTIVE'),
(6, 'Sultan', 'sultan@gmail.com', NULL, '$2y$10$OTOVatMd4kVonP7HTBT5oOAT/84QJMNwFnNNDrOMMHTSQ7N7SLHeG', NULL, '2020-01-10 06:33:12', '2020-01-10 06:33:12', 'sultan', '[\"ADMIN\"]', 'ewqeqweasdhjlasihjdnl hasdlash dlhasdl has', '98709898879', 'avatars/gf2brOqS6QbqixRXMZtFYkESI36h3M0o6T8QQUjd.jpeg', 'ACTIVE');

--
-- Indexes for dumped tables
--

--
-- Indexes for table `categories`
--
ALTER TABLE `categories`
  ADD PRIMARY KEY (`id`),
  ADD UNIQUE KEY `categories_name_unique` (`name`);

--
-- Indexes for table `customers`
--
ALTER TABLE `customers`
  ADD PRIMARY KEY (`id`),
  ADD UNIQUE KEY `customers_email_unique` (`email`);

--
-- Indexes for table `migrations`
--
ALTER TABLE `migrations`
  ADD PRIMARY KEY (`id`);

--
-- Indexes for table `password_resets`
--
ALTER TABLE `password_resets`
  ADD KEY `password_resets_email_index` (`email`);

--
-- Indexes for table `pembelians`
--
ALTER TABLE `pembelians`
  ADD PRIMARY KEY (`id`),
  ADD KEY `pembelians_supplier_id_foreign` (`supplier_id`),
  ADD KEY `pembelians_created_by_foreign` (`created_by`);

--
-- Indexes for table `pembelian_product`
--
ALTER TABLE `pembelian_product`
  ADD PRIMARY KEY (`pembelian_id`,`product_id`),
  ADD KEY `product_id` (`product_id`);

--
-- Indexes for table `penjualans`
--
ALTER TABLE `penjualans`
  ADD PRIMARY KEY (`id`),
  ADD KEY `penjualans_customer_id_foreign` (`customer_id`),
  ADD KEY `penjualans_created_by_foreign` (`created_by`);

--
-- Indexes for table `penjualan_product`
--
ALTER TABLE `penjualan_product`
  ADD PRIMARY KEY (`penjualan_id`,`product_id`),
  ADD KEY `product_id` (`product_id`);

--
-- Indexes for table `products`
--
ALTER TABLE `products`
  ADD PRIMARY KEY (`id`),
  ADD KEY `products_category_id_foreign` (`category_id`);

--
-- Indexes for table `stocks`
--
ALTER TABLE `stocks`
  ADD PRIMARY KEY (`id`),
  ADD UNIQUE KEY `stocks_product_id_unique` (`product_id`);

--
-- Indexes for table `suppliers`
--
ALTER TABLE `suppliers`
  ADD PRIMARY KEY (`id`),
  ADD UNIQUE KEY `suppliers_email_unique` (`email`);

--
-- Indexes for table `users`
--
ALTER TABLE `users`
  ADD PRIMARY KEY (`id`),
  ADD UNIQUE KEY `users_email_unique` (`email`),
  ADD UNIQUE KEY `users_username_unique` (`username`);

--
-- AUTO_INCREMENT for dumped tables
--

--
-- AUTO_INCREMENT for table `categories`
--
ALTER TABLE `categories`
  MODIFY `id` int(10) UNSIGNED NOT NULL AUTO_INCREMENT, AUTO_INCREMENT=5;

--
-- AUTO_INCREMENT for table `customers`
--
ALTER TABLE `customers`
  MODIFY `id` int(10) UNSIGNED NOT NULL AUTO_INCREMENT, AUTO_INCREMENT=20;

--
-- AUTO_INCREMENT for table `migrations`
--
ALTER TABLE `migrations`
  MODIFY `id` int(10) UNSIGNED NOT NULL AUTO_INCREMENT, AUTO_INCREMENT=15;

--
-- AUTO_INCREMENT for table `pembelians`
--
ALTER TABLE `pembelians`
  MODIFY `id` int(10) UNSIGNED NOT NULL AUTO_INCREMENT, AUTO_INCREMENT=57;

--
-- AUTO_INCREMENT for table `penjualans`
--
ALTER TABLE `penjualans`
  MODIFY `id` int(10) UNSIGNED NOT NULL AUTO_INCREMENT, AUTO_INCREMENT=64;

--
-- AUTO_INCREMENT for table `products`
--
ALTER TABLE `products`
  MODIFY `id` int(10) UNSIGNED NOT NULL AUTO_INCREMENT, AUTO_INCREMENT=13;

--
-- AUTO_INCREMENT for table `stocks`
--
ALTER TABLE `stocks`
  MODIFY `id` int(10) UNSIGNED NOT NULL AUTO_INCREMENT, AUTO_INCREMENT=13;

--
-- AUTO_INCREMENT for table `suppliers`
--
ALTER TABLE `suppliers`
  MODIFY `id` int(10) UNSIGNED NOT NULL AUTO_INCREMENT, AUTO_INCREMENT=8;

--
-- AUTO_INCREMENT for table `users`
--
ALTER TABLE `users`
  MODIFY `id` bigint(20) UNSIGNED NOT NULL AUTO_INCREMENT, AUTO_INCREMENT=7;

--
-- Constraints for dumped tables
--

--
-- Constraints for table `pembelians`
--
ALTER TABLE `pembelians`
  ADD CONSTRAINT `pembelians_created_by_foreign` FOREIGN KEY (`created_by`) REFERENCES `users` (`id`),
  ADD CONSTRAINT `pembelians_supplier_id_foreign` FOREIGN KEY (`supplier_id`) REFERENCES `suppliers` (`id`);

--
-- Constraints for table `pembelian_product`
--
ALTER TABLE `pembelian_product`
  ADD CONSTRAINT `pembelian_product_ibfk_1` FOREIGN KEY (`pembelian_id`) REFERENCES `pembelians` (`id`),
  ADD CONSTRAINT `pembelian_product_ibfk_2` FOREIGN KEY (`product_id`) REFERENCES `products` (`id`);

--
-- Constraints for table `penjualans`
--
ALTER TABLE `penjualans`
  ADD CONSTRAINT `penjualans_created_by_foreign` FOREIGN KEY (`created_by`) REFERENCES `users` (`id`),
  ADD CONSTRAINT `penjualans_customer_id_foreign` FOREIGN KEY (`customer_id`) REFERENCES `customers` (`id`);

--
-- Constraints for table `penjualan_product`
--
ALTER TABLE `penjualan_product`
  ADD CONSTRAINT `penjualan_product_ibfk_1` FOREIGN KEY (`penjualan_id`) REFERENCES `penjualans` (`id`),
  ADD CONSTRAINT `penjualan_product_ibfk_2` FOREIGN KEY (`product_id`) REFERENCES `products` (`id`);

--
-- Constraints for table `products`
--
ALTER TABLE `products`
  ADD CONSTRAINT `products_category_id_foreign` FOREIGN KEY (`category_id`) REFERENCES `categories` (`id`);

--
-- Constraints for table `stocks`
--
ALTER TABLE `stocks`
  ADD CONSTRAINT `stocks_product_id_foreign` FOREIGN KEY (`product_id`) REFERENCES `products` (`id`) ON DELETE CASCADE;
COMMIT;

/*!40101 SET CHARACTER_SET_CLIENT=@OLD_CHARACTER_SET_CLIENT */;
/*!40101 SET CHARACTER_SET_RESULTS=@OLD_CHARACTER_SET_RESULTS */;
/*!40101 SET COLLATION_CONNECTION=@OLD_COLLATION_CONNECTION */;
